"id","year","code_alt","cult_land","forest_land","kw_machinery","workers","earn"
1,2015,3,81.42,0,494,4,209.502
1,2016,3,86.07,0,504,4,231.733
1,2017,3,86.61,0,619,4,353.581
1,2018,3,86.07,0,619,3.82,50.595
1,2019,3,86.56,0,821,4,441.173
1,2020,3,86.56,0,821,4.6,399.684
2,2015,1,653.8,0,78,1,45.716
2,2016,1,653.8,0,78,0.8,57.39
2,2017,1,653.8,0,78,1,57.849
2,2018,1,653.8,0,78,1,72.306
2,2019,1,193.22,460.58,78,1,31.149
2,2020,1,193.22,460.58,78,1,39.609
3,2015,2,66.6,0.4,224,1,67.467
3,2016,2,65.98,12.38,224,1,87.486
3,2017,2,68.83,12.38,224,1,42.636
3,2018,2,66.51,12.38,224,1,76.143
3,2019,2,64.72,12.38,224,1,94.185
3,2020,2,64.72,12.38,224,1,62.721
4,2015,3,60.01,0,624,1,11.588
4,2016,3,64.24,0,624,1,103.58
4,2017,3,68.88,0,698,1,127.828
4,2018,3,71,0,698,1,75.262
4,2019,3,71,0,808,1,113.001
4,2020,3,71,0,897,0.91,63.001
5,2015,1,3.61,0,122,2,88.84
5,2016,1,3.61,0,122,1.59,38.793
5,2017,1,1.9,0,122,1.45,56.332
5,2018,2,1.9,0,122,1.45,56.406
5,2019,2,1.9,0,131,1.3,69.972
5,2020,2,1.9,0,231,1.61,69.246
6,2015,2,3.86,1.87,96,1,7.203
6,2016,2,15.92,1.87,96,1,13.576
6,2017,2,16.39,1.87,96,1,14.564
6,2018,2,17.71,1.87,96,1,0.918
6,2019,2,19.59,1.87,224,1,19.619
6,2020,2,17.75,1.87,224,1,25.456
7,2015,3,10.3,0,545,0.38,18.106
7,2016,3,43.45,0,545,0.73,28.853
7,2017,3,43.45,0,545,0.41,40.13
7,2018,3,37.87,0,545,0.73,99.05
7,2019,3,60.1,0,435,0.73,88.226
7,2020,3,53.31,0,359,0.73,55.003
8,2015,3,103.31,0,668,2,323.51
8,2016,3,101.76,0,668,2,286.321
8,2017,3,101.96,0,668,2,317.07
8,2018,3,101.77,0,668,2,300.74
8,2019,3,101.87,0,668,2,331.739
8,2020,3,101.39,0,668,2,289.854
9,2015,1,2.23,0,58,0.56,13.684
9,2016,1,2.23,0,58,0.62,0.352
9,2017,1,2.23,0,58,0.63,20.603
9,2018,1,2.23,0,58,0.63,9.805
9,2019,1,1.66,0,58,0.64,15.551
9,2020,1,1.66,0,58,0.74,5.057
10,2015,1,6.35,0,130,1.75,99.477
10,2016,1,6.35,0,130,1.64,93.67
10,2017,1,6.35,0,130,1.71,120.368
10,2018,1,6.35,0,130,1.64,240.094
10,2019,1,6.35,0,226,1.38,39.981
10,2020,1,6.35,0,281,1.27,167.74
11,2015,1,13.69,0,313,2.58,91.552
11,2016,1,13.69,0,313,3.27,156.906
11,2017,1,13.69,0,313,3.65,150.47
11,2018,1,13.69,0,313,3.16,15.393
11,2019,1,13.69,0,390,2.55,136.663
11,2020,1,13.69,0,390,1.44,251.411
12,2015,1,9.92,10.9,187,2,71.311
12,2016,1,9.92,10.9,228,2,83.233
12,2017,1,9.92,10.9,329,2,142.364
12,2018,1,9.92,10.9,437,2,146.979
12,2019,1,9.92,10.9,298,0.98,23.117
12,2020,1,9.92,10.9,316,1.29,94.599
13,2015,1,4.87,0,90,1.42,59.001
13,2016,1,4.32,0,90,0.91,69.757
13,2017,1,4.87,0,90,1.09,89.146
13,2018,1,4.2,0,90,1.09,69.032
13,2019,1,4.2,0,90,1.31,22.712
13,2020,1,4.2,0,90,1.42,25.379
14,2015,1,7.85,14.44,50,1.56,31.098
14,2016,1,7.85,14.44,131,1.56,8.63
14,2017,1,7.85,14.44,131,1.38,23.988
14,2018,1,7.85,14.44,131,1.38,20.063
14,2019,1,7.85,14.44,140,1.38,7.911
14,2020,1,7.85,14.44,140,1.38,21.097
15,2015,1,9.42,8.19,59,1.45,12.323
15,2016,1,9.42,8.19,59,1.45,29.385
15,2017,1,10.3,8.19,59,1.64,39.527
15,2018,1,10.3,8.19,63,1.64,19.622
15,2019,1,10.3,8.19,118,1.91,59.229
15,2020,1,12.3,8.19,118,1.27,14.28
16,2015,1,16.68,16.72,79,1.45,8.18
16,2016,1,16.68,16.72,87,1.36,20.25
16,2017,1,18.01,16.72,87,1.47,10.357
16,2018,1,16.82,16.72,79,1.47,14.19
16,2019,1,16.82,16.72,79,1.38,11.898
16,2020,1,16.82,16.72,79,1.27,15.796
17,2015,1,30.21,11.04,239,1.73,10.866
17,2016,1,30.21,11.04,312,1.55,6.26
17,2017,1,30.21,11.04,312,1.73,18.481
17,2018,1,30.21,11.04,312,1.73,31.185
17,2019,1,38.77,11.04,312,1.73,68.864
17,2020,1,38.77,11.04,329,1.93,18.982
18,2015,1,101.26,20.57,107,2,51.944
18,2016,1,101.26,20.57,107,1.45,57.911
18,2017,1,101.26,20.57,254,1.45,23.99
18,2018,1,101.26,20.57,254,1.45,41.37
18,2019,1,101.26,20.57,254,1.45,73.65
18,2020,1,101.26,20.57,254,1.67,84.719
19,2015,1,8.86,10.5,40,1.09,27.547
19,2016,1,8.38,10.5,96,1.25,23.193
19,2017,1,8.38,10.5,96,1.31,36.738
19,2018,1,8.38,10.5,96,1.31,35.058
19,2019,1,8.38,10.5,96,1.51,34.058
19,2020,1,8.38,10.5,96,1.36,32.385
20,2015,1,11.97,0,271,1.82,48.21
20,2016,1,11.97,0,271,1.3,38.31
20,2017,1,12.18,0,271,1.35,18.49
20,2018,1,12.18,0,161,1.38,34.968
20,2019,1,12.18,0,161,1.75,45.221
20,2020,1,12.18,0,220,1.93,67.869
21,2015,1,17.52,0,136,2,118.276
21,2016,1,17.52,0,191,2,147.482
21,2017,1,17.52,0,140,2.73,155.515
21,2018,1,17.52,0,140,2.73,279.698
21,2019,1,17.52,0,154,2.42,77.596
21,2020,1,17.52,0,213,2.55,193.898
22,2015,1,14.2,4,191,2.73,70.757
22,2016,1,14.2,4,191,2.25,46.337
22,2017,1,16.2,4,294,2.25,17.055
22,2018,1,17.2,4,203,2,146.636
22,2019,1,17.2,4,203,2.51,118.25
22,2020,1,17.2,4,203,2.51,113.718
23,2015,1,15.7,0,165,1.31,39.394
23,2016,1,15.7,0,165,1.31,43.836
23,2017,1,15.7,0,165,1.71,43.248
23,2018,1,15.7,0,165,1.53,47.422
23,2019,1,15.7,0,165,1.65,41.893
23,2020,1,15.7,0,165,1.58,6.293
24,2015,3,0.42,0,26,0.91,65.094
24,2016,3,2.54,1.46,26,1,66.347
24,2017,3,2.54,1.46,26,1,59.538
24,2018,3,2.54,1.46,26,1.22,62.046
24,2019,3,2.34,1.46,26,1.27,60.29
24,2020,3,2.34,1.46,71,1.35,70.886
25,2015,3,6.07,0,129,0.74,6.643
25,2016,3,6.5,0,129,0.72,6.753
25,2017,3,6.26,0,129,0.73,13.336
25,2018,3,6.2,0,129,0.75,12.414
25,2019,3,6.13,0,129,0.77,13.663
25,2020,3,6.13,0,129,0.79,14.811
26,2015,3,1.99,0,40,1.15,48.434
26,2016,3,1.99,0,40,1.15,35.307
26,2017,3,2.14,0,40,1.15,32.161
26,2018,3,2.16,0,40,1.15,29.758
26,2019,3,2.16,0,40,1.15,26.621
26,2020,3,2.18,0,40,1.15,34.358
27,2015,3,74.19,0,83,1.75,224.862
27,2016,3,67.93,0,83,1.76,425.757
27,2017,3,65.47,0,83,1.53,202.851
27,2018,3,66.48,0,83,1.54,152.144
27,2019,3,65.28,0,83,1.4,212.909
27,2020,3,63.58,0,83,1.4,284.605
28,2015,3,79.67,0,210,3.13,164.981
28,2016,3,80.61,0,210,3.11,261.433
28,2017,3,80.61,0,210,3.2,713.001
28,2018,3,84.14,0,350,3.22,316.398
28,2019,3,88.8,0,350,3.29,543.876
28,2020,3,92.2,0,350,2.72,673.626
29,2015,3,15.89,0,248,2.59,18.876
29,2016,3,15.89,0,322,2.25,68.217
29,2017,3,26.31,0,322,3,100.75
29,2018,3,32.5,0,422,3,81.456
29,2019,3,34.04,0,672,3,112.186
29,2020,3,54.26,0,685,3.42,72.053
30,2015,3,15.52,0,168,2.55,132.843
30,2016,3,15.52,0,168,2.8,133.271
30,2017,3,12.96,0,168,2.89,179.648
30,2018,3,12.96,0,168,3,191.675
30,2019,3,12.05,0,168,3,173.092
30,2020,3,12.16,0,223,2.86,178.885
31,2015,3,7.12,0.64,77,1.52,41.284
31,2016,3,7.12,0.64,157,1.64,49.021
31,2017,3,8.15,0.64,157,1.91,52.862
31,2018,3,9.04,0.64,157,1.91,60.902
31,2019,3,9.05,0.64,157,2,56.522
31,2020,3,8.86,0.64,161,1.91,49.501
32,2015,3,27.57,0,452,2,106.524
32,2016,3,27.57,0,585,2,100.976
32,2017,3,31.13,0,927,2,193.325
32,2018,3,28.22,0,1112,1.8,181.728
32,2019,3,29.33,0,1112,1.98,181.63
32,2020,3,31.29,0,1362,2,197.694
33,2015,3,23.61,0,202,2.59,351.12
33,2016,3,23.99,0,202,2.44,329.308
33,2017,3,23.93,0,445,2.41,188.745
33,2018,3,23.93,0,294,2.89,174.679
33,2019,3,26.25,0,294,2.9,236.938
33,2020,3,25.85,0,294,2.52,364.669
34,2015,3,12.19,0,74,1.82,136.036
34,2016,3,11.85,0,74,1.82,329.623
34,2017,3,11.78,0,74,1.8,223.578
34,2018,3,3.04,0,74,1.77,150.074
34,2019,3,3.07,0,74,1.55,158.978
34,2020,3,2.96,0,74,1.39,146.126
35,2015,3,18.58,0,103,1.71,45.176
35,2016,3,18.58,0,103,1.17,43.752
35,2017,3,18.78,0,103,1.3,15.539
35,2018,3,18.78,0,103,1.3,47.12
35,2019,3,18.78,0,103,1.3,49.019
35,2020,3,18.78,0,103,1.3,73.265
36,2015,3,48.75,0,221,2,23.773
36,2016,3,48.75,0,221,1.82,18.023
36,2017,3,48.75,0,221,1.45,14.24
36,2018,3,48.75,0,221,2,42.162
36,2019,3,48.75,0,221,1.45,18.19
36,2020,3,48.75,0,221,1.45,32.11
37,2015,3,7.21,0,90,1.19,10.352
37,2016,3,7.21,0,90,1.19,10.422
37,2017,3,7.45,0,90,1.77,14.892
37,2018,3,5.19,0,90,1.91,10.88
37,2019,3,14.29,0.38,90,2,2.45
37,2020,3,14.89,0.38,90,2,12.075
38,2015,3,2.36,4.36,181,1.36,46.475
38,2016,3,2.36,4.36,181,1.45,48.992
38,2017,3,3.37,4.22,181,1.91,39.583
38,2018,3,2.36,4.22,181,1.91,56.082
38,2019,3,2.36,4.22,181,1.91,47.627
38,2020,3,3.37,4.22,181,1.68,54.481
39,2015,3,19.02,10.08,138,2.73,25.388
39,2016,3,19.02,10.08,138,2.86,28.89
39,2017,3,19.02,10.08,138,2.36,29.285
39,2018,3,19.02,10.08,138,2.82,29.205
39,2019,3,19.02,10.08,138,2.86,29.771
39,2020,3,19.51,10.08,138,2.36,30.273
40,2015,3,8.44,0,159,0.89,3.516
40,2016,3,7.84,0,159,0.89,5.171
40,2017,3,15.12,0.11,169,0.89,4.075
40,2018,3,18.94,0.11,279,0.89,13.321
40,2019,3,24.04,0.11,279,0.89,21.887
40,2020,3,25.43,0.11,279,0.89,21.523
41,2015,3,9.08,0,110,1,30.421
41,2016,3,9.08,0,110,0.89,71.108
41,2017,3,9.08,0,110,1,98.908
41,2018,3,9.08,0,110,1,99.816
41,2019,3,9.08,0,110,1,60.866
41,2020,3,5.97,0,110,1,3
42,2015,3,38.1,0,405,2,154.609
42,2016,3,38.1,0,405,2,166.593
42,2017,3,38.1,0,405,2,97.066
42,2018,3,38.1,0,405,2,99.131
42,2019,3,28.5,0,405,2,109.553
42,2020,3,28.5,0,405,1.91,25.369
43,2015,3,66.42,1.68,159,0.86,93.087
43,2016,3,66.42,1.68,159,0.86,109.591
43,2017,3,66.42,1.68,159,0.86,333.35
43,2018,3,66.42,1.68,159,0.86,165.51
43,2019,3,66.42,1.68,159,0.86,67.827
43,2020,3,66.42,1.68,159,0.89,26.07
44,2015,3,44,0,49,2.83,28.826
44,2016,3,44,0,49,2.83,37.409
44,2017,3,57.24,0,49,2.83,58.063
44,2018,3,45.46,0,49,2.83,22.242
44,2019,3,45.46,0,49,2.55,31.296
44,2020,3,7.52,0,49,2.55,38.375
45,2015,2,3.15,0,10,0.73,29.963
45,2016,2,3.15,0,15,0.73,22.458
45,2017,2,3.15,0,15,0.73,18.959
45,2018,2,3.15,0,15,1.18,8.719
45,2019,2,3.15,0,15,1.23,25.738
45,2020,2,3.15,0,104,1.55,29.991
46,2015,3,11.9,0,74,1.27,19.195
46,2016,3,11.9,0,74,1.11,32.421
46,2017,3,11.9,0,140,1.36,28.147
46,2018,3,11.9,0,140,1.55,9.899
46,2019,3,11.9,0,99,1.18,56.553
46,2020,3,11.9,0,99,2,27.978
47,2015,3,25.1,0,125,0.86,22.961
47,2016,3,48.94,0,125,1.36,0.223
47,2017,3,49.59,0,125,1.73,48.603
47,2018,3,49.88,0,125,1.18,33.317
47,2019,3,49.88,0,125,1.36,30.972
47,2020,3,43.29,0,125,2,55.816
48,2015,3,27.07,0,224,0.73,13.975
48,2016,3,28.29,0,224,0.73,12.677
48,2017,3,28.29,0,224,1,10.215
48,2018,3,19.36,0,224,1,10.761
48,2019,3,20.99,0,224,1,7.245
48,2020,3,18.37,0,224,0.73,14.255
49,2015,3,7.78,0,149,2.62,59.088
49,2016,3,7.78,0,149,2.65,63.109
49,2017,3,8.17,0,259,2.68,78.038
49,2018,3,8.17,0,259,2.9,90.348
49,2019,3,8.17,0,259,3.36,61.033
49,2020,3,8.17,0,259,3.36,78.11
50,2015,3,18.48,0,182,2,186.037
50,2016,3,18.48,0,182,2.22,295.448
50,2017,3,18.75,0,271,2.61,258.779
50,2018,3,18.75,0,271,2.64,176.301
50,2019,3,18.75,0,271,2.76,225.415
50,2020,3,18.75,0,271,2.76,147.093
51,2015,3,10.5,0,121,1.76,10.995
51,2016,3,10.5,0,121,1.51,7.592
51,2017,3,15.04,0,121,1.36,7.524
51,2018,3,15.04,0,121,1.61,20.508
51,2019,3,15.86,0,121,1.39,12.174
51,2020,3,15.86,0,121,1.23,10.189
52,2015,3,69,0.9,162,0.85,12.831
52,2016,3,69,0.9,162,0.73,11.687
52,2017,3,83.1,0.9,162,1,40.651
52,2018,3,84.54,0.9,162,1,28.245
52,2019,3,89.91,0.9,162,1,11.025
52,2020,3,89.91,0.9,252,1,72.074
53,2015,3,24.97,0,180,1.45,16.995
53,2016,3,24.97,0,172,1.45,23.491
53,2017,3,28.61,0,172,1.14,17.461
53,2018,3,25.24,0,172,1.36,25.943
53,2019,3,28.61,0,172,1.27,23.78
53,2020,3,28.61,0,172,1.09,41.831
54,2015,3,11.21,0,59,0.45,2.05
54,2016,3,10.03,0,59,0.58,2.265
54,2017,3,10.26,0,59,0.41,6.594
54,2018,3,10.26,0,59,0.55,6.317
54,2019,3,10.18,0,59,0.58,3.996
54,2020,3,10.18,0,59,0.58,7.214
55,2015,3,23.59,0,680,1.64,46.996
55,2016,3,24.73,0,937,1.73,67.486
55,2017,3,24.77,0,937,2,29.979
55,2018,3,24.77,0,937,1.64,35.934
55,2019,3,24.77,0,937,1.73,27.381
55,2020,3,27.42,0,937,2,33.807
56,2015,2,1.48,0,26,1,22.792
56,2016,2,1.48,0,26,1,18.674
56,2017,2,1.48,0,26,0.76,4.586
56,2018,2,1.48,0,26,0.76,3.162
56,2019,2,1.48,0,26,0.83,6.521
56,2020,2,1.88,0,26,0.73,27.271
57,2015,2,2.29,0,59,1,9.408
57,2016,2,2.29,0,59,1,11.539
57,2017,2,2.29,0,61,1,8.783
57,2018,2,2.29,0,61,1,7.806
57,2019,2,2.29,0,61,1,10.045
57,2020,2,2.29,0,61,1,26.643
58,2015,1,0.8,0,27,1.27,23.02
58,2016,1,0.8,0,27,1.27,33.427
58,2017,1,0.8,0,27,1.27,40.384
58,2018,1,0.8,0,27,1.27,36.886
58,2019,1,0.8,0,27,1.27,36.121
58,2020,1,0.8,0,27,1.27,39.15
59,2015,1,0.3,0,15,1.36,7.646
59,2016,1,0.3,0,15,1.36,11.867
59,2017,1,0.3,0,15,1.36,11.754
59,2018,1,0.3,0,15,1.36,17.169
59,2019,1,0.3,0,15,1.36,29.156
59,2020,1,0.3,0,15,1.36,26.938
60,2015,1,17.2,0,55,1,23.618
60,2016,1,3,0,55,1,15.906
60,2017,1,3,0,55,1,14.143
60,2018,1,3,0,55,1,8.837
60,2019,1,3,0,55,1,11.157
60,2020,2,3,0,55,1,29.851
61,2015,1,3.45,0,59,0.68,2.689
61,2016,1,3.45,0,59,0.68,1.776
61,2017,1,3.65,0,59,0.68,1.62
61,2018,1,3.65,0,59,0.68,3.049
61,2019,1,3.65,0,59,0.68,5.328
61,2020,1,3.65,0,59,1.14,6.028
62,2015,1,9.45,0,44,1.09,13.487
62,2016,1,9.45,0,44,1.09,12.857
62,2017,1,9.45,0,44,1.09,15.021
62,2018,1,9.45,0,44,1.09,11.98
62,2019,1,9.45,0,44,1.09,12.411
62,2020,1,9.45,0,44,1.09,21.53
63,2015,1,0.25,0,9,1.36,5.576
63,2016,1,0.25,0,9,1.36,4.678
63,2017,1,0.25,0,9,1.36,6.46
63,2018,1,0.25,0,9,1.36,5.57
63,2019,1,0.25,0,9,1.36,3.665
63,2020,1,0.25,0,9,1.36,5.696
64,2015,1,0.51,0,18,0.68,1.304
64,2016,1,0.51,0,18,0.68,1.949
64,2017,1,0.51,0,18,0.68,2.511
64,2018,1,0.51,0,18,0.68,1.709
64,2019,1,0.51,0,18,0.68,2.381
64,2020,1,0.51,0,18,0.68,2.025
65,2015,1,1.15,0,18,0.73,6.165
65,2016,1,1.15,0,18,0.73,8.554
65,2017,1,1.15,0,18,0.73,11.919
65,2018,1,1.15,0,18,0.73,6.229
65,2019,1,1.15,0,18,0.73,9.334
65,2020,1,1.15,0,18,0.73,7.696
66,2015,2,2.6,0,65,1.56,13.353
66,2016,2,2.6,0,65,1.91,15.703
66,2017,2,2.6,0,65,2,11.984
66,2018,2,2.6,0,65,2,10.972
66,2019,2,2.6,0,65,1.17,11.512
66,2020,2,2.6,0,65,1.17,9.96
67,2015,2,1.55,0,55,0.69,26.985
67,2016,2,1.55,0,55,0.73,6.08
67,2017,2,1.55,0,105,1,8.94
67,2018,2,1.55,0,105,1,9.255
67,2019,2,1.55,0,105,1,14.73
67,2020,2,1.55,0,105,1,9.81
68,2015,2,3.8,0,57,1.64,26.532
68,2016,2,3.8,0,57,1.31,45.114
68,2017,2,3.8,0,57,2,56.276
68,2018,2,3.8,0,57,2,63.114
68,2019,2,3.8,0,57,1.23,64.883
68,2020,2,3.8,0,57,2,65.654
69,2015,1,3.59,0,41,0.68,3.161
69,2016,1,3.59,0,41,0.68,4.808
69,2017,1,3.59,0,41,0.68,6.533
69,2018,1,3.59,0,41,0.68,3.55
69,2019,1,3.59,0,41,0.68,3.899
69,2020,1,3.59,0,41,0.68,3.044
70,2015,1,10.2,0,64,0.64,8.018
70,2016,1,10.2,0,64,0.64,2.671
70,2017,1,10.2,0,64,0.64,2.111
70,2018,1,10.2,0,64,0.64,3.81
70,2019,1,10.2,0,108,0.64,5.511
70,2020,1,10.2,0,52,0.64,4.688
71,2015,2,2.6,0,67,0.91,19.693
71,2016,2,2.6,0,67,1,15.497
71,2017,2,2.6,0,67,1,13.227
71,2018,2,2.6,0,117,1,8.129
71,2019,2,2.6,0,117,1,7.548
71,2020,2,2.6,0,117,1,10.637
72,2015,1,0.5,0,15,0.91,5.848
72,2016,1,0.5,0,15,0.91,9.123
72,2017,1,0.5,0,15,0.91,8.516
72,2018,1,0.5,0,15,0.91,7.93
72,2019,1,0.5,0,15,0.91,8.616
72,2020,1,0.5,0,15,0.91,9.544
73,2015,3,7.5,0,126,0.99,16.15
73,2016,3,7.5,0,126,0.87,19.456
73,2017,3,1.4,0,126,0.73,4.417
73,2018,3,7.88,0,126,0.65,2.275
73,2019,3,7.88,0,126,0.95,12.979
73,2020,3,7.88,0,126,0.95,40.767
74,2015,2,33.96,0.02,296,1,49.112
74,2016,2,33.96,0.02,361,1,84.241
74,2017,2,36.85,0.02,361,1.58,90.322
74,2018,2,36.98,0.02,361,1.65,82.185
74,2019,2,38.42,0.02,359,1,110.01
74,2020,2,38.42,1.64,359,1,119.941
75,2015,3,80.44,0,175,1,808.721
75,2016,3,92.37,0,896,1,34.874
75,2017,3,83.65,0,844,0.8,39.462
75,2018,3,95.96,0,844,0.8,128.533
75,2019,3,95.96,0,844,2.4,141.105
75,2020,3,109.41,0,844,2.62,78.66
76,2015,3,12.71,0,138,0.63,20.463
76,2016,3,12.71,0,138,2,37.622
76,2017,3,12.71,0,138,1.67,35.053
76,2018,3,13.02,0,138,1.36,34.255
76,2019,3,13.05,0,138,1.8,48.31
76,2020,3,13,0,138,2,31.181
77,2015,3,77.17,0,433,0.88,30.839
77,2016,3,100.06,0,433,1,80.895
77,2017,3,100.8,0,433,1.6,24.171
77,2018,3,112.16,0,433,1.6,36.264
77,2019,3,112.16,0,433,1.6,52.834
77,2020,3,112.16,0,433,1.6,77.832
78,2015,3,8.81,0,40,1,16.4
78,2016,3,10.28,0,104,1,67.983
78,2017,3,10.66,0.04,129,1,52.456
78,2018,3,10.66,0.04,129,1.85,58.898
78,2019,3,10.08,0.04,129,0.96,38.965
78,2020,3,10.08,0.04,129,0.8,70.199
79,2015,3,6.49,0,135,2.88,10.81
79,2016,3,6.49,0,135,2.14,17.3
79,2017,3,6.49,0,135,1.75,17.913
79,2018,3,6.49,0,135,1.65,13.245
79,2019,3,6.49,0,135,1.65,14.058
79,2020,3,6.49,0,135,2.18,23.048
80,2015,2,8.03,0,115,0.58,3.005
80,2016,2,8.03,0,115,0.73,6.485
80,2017,2,8.17,0,115,0.73,7.154
80,2018,2,8.22,0,115,0.82,3.466
80,2019,2,8.7,0.73,115,0.91,7.03
80,2020,2,17.17,0.73,115,0.8,8.962
81,2015,3,15.43,0,229,0.65,15.394
81,2016,3,15.43,0,229,0.73,12.958
81,2017,3,15.42,0,229,0.8,9.215
81,2018,3,15.42,0,229,0.55,4.585
81,2019,3,15.42,0,229,0.79,9.452
81,2020,3,15.42,0,229,0.59,6.02
82,2015,2,87.77,2.15,299,2,34.894
82,2016,2,78.26,2.15,299,2,138.769
82,2017,2,83.84,2.15,299,2,133.947
82,2018,2,91.78,2.15,299,1.81,128.18
82,2019,2,100.89,2.15,299,1.81,102.404
82,2020,2,100.89,2.15,299,1.82,140.343
83,2015,3,138.83,0.62,1557,1,115.264
83,2016,3,146.38,0.62,1557,1,94.212
83,2017,3,146.38,0.62,1557,1,158.815
83,2018,3,146.38,0.62,1557,1,467.079
83,2019,3,146.38,0.62,1557,1,488.353
83,2020,3,146.38,0.62,1557,1,497
84,2015,2,84,1.73,348,2.73,58.437
84,2016,2,92.99,1.73,348,2.09,88.359
84,2017,2,108.43,1.73,348,2.71,152.599
84,2018,2,105.62,3.15,348,2.8,148.033
84,2019,2,96.42,3.15,348,2.4,114.806
84,2020,2,97.12,3.15,348,2.69,204.762
85,2015,3,8.51,0,9,1.77,12.756
85,2016,3,10.32,0,129,1.27,10.334
85,2017,3,10.32,0,129,0.56,28.653
85,2018,3,10.32,0,85,0.75,12.487
85,2019,3,10.4,0,85,0.76,12.667
85,2020,3,10.4,0,85,0.76,29.728
86,2015,3,25.49,0,586,1,43.041
86,2016,3,27.17,0,701,1.91,172.238
86,2017,3,27.69,0,701,2,155.537
86,2018,3,28.87,0,701,2,88.315
86,2019,3,30.36,0,701,1.78,119.357
86,2020,3,31.87,0,701,2,254.724
87,2015,3,27.69,0,337,1,44.345
87,2016,3,31.66,0,337,1.8,48.981
87,2017,3,30.43,0,337,1.6,53.497
87,2018,3,30.43,0,337,0.82,94.888
87,2019,3,30.94,0,337,1.64,72.842
87,2020,3,44.5,0,337,1.64,90.809
88,2015,3,7.27,0,338,0.99,42.607
88,2016,3,7.45,0,338,3,77.356
88,2017,3,7.45,0,338,2.82,76.789
88,2018,3,8.18,0,338,3,71.539
88,2019,3,8.18,0,338,3,32.544
88,2020,3,8.18,0,338,3,11.714
89,2015,3,125.23,0,921,1,57.344
89,2016,3,125.74,0,921,2.4,145.226
89,2017,3,123.4,0,921,2.4,87.167
89,2018,3,122.91,0,1201,2.07,66.064
89,2019,3,123.19,0,1271,2.25,91.823
89,2020,3,135,0,1271,2.44,113.72
90,2015,3,1.64,0,49,0.65,1.904
90,2016,3,1.64,0,49,0.45,1.828
90,2017,3,1.64,0,49,1,2.767
90,2018,3,1.64,0,49,0.62,3.127
90,2019,3,1.64,0,49,0.62,1.004
90,2020,3,1.64,0,49,0.62,7.483
91,2015,2,1.39,1.14,22,0.8,3.066
91,2016,2,2.03,1.14,22,0.41,7.577
91,2017,2,2.03,1.14,22,0.41,6.711
91,2018,2,2.03,1.14,22,0.41,6.772
91,2019,2,2.03,1.14,22,0.41,7.148
91,2020,2,2.29,1.14,22,0.41,7.503
92,2015,3,103.23,0,628,0.79,162.816
92,2016,3,103.3,0,682,1.02,7.831
92,2017,3,71.32,0,1490,1,135.601
92,2018,3,71.35,0,1520,1.48,428.706
92,2019,3,68.54,0,1529,1.99,29.356
92,2020,3,70.86,0,1618,1.42,20.344
93,2015,3,6.76,0,238,1,6.176
93,2016,3,5.45,0,238,0.76,15.286
93,2017,3,5.45,0,238,0.76,1.978
93,2018,3,3.92,0,238,0.76,9.487
93,2019,3,4.04,0,238,1,2.144
93,2020,3,3.96,0,238,0.68,6.697
94,2015,3,8.23,0,82,1,9.13
94,2016,3,8.23,0,82,0.55,18.032
94,2017,3,8.23,0,82,0.91,9.735
94,2018,3,10.44,0,82,0.97,20.063
94,2019,3,10.44,0,82,0.73,12.946
94,2020,3,10.44,0,82,0.73,3.744
95,2015,3,3.37,0,117,0.79,7.199
95,2016,3,3.37,0,117,1,7.856
95,2017,3,3.37,0,117,1,5.884
95,2018,3,3.61,0,117,0.92,2.639
95,2019,3,3.4,0,117,1,3.84
95,2020,3,3.4,0,117,0.41,1.053
96,2015,1,113,52,441,3.91,47.423
96,2016,1,92.08,74.04,430,5.36,650.459
96,2017,1,92.82,72.24,430,4.95,11.457
96,2018,1,92.82,72.24,430,4.73,31.526
96,2019,1,92.82,72.24,430,3.56,22.146
96,2020,1,92.82,72.24,430,4.6,52.805
97,2015,2,17.71,40.58,409,2.78,23.224
97,2016,2,25.24,40.58,409,3,803.498
97,2017,2,25.24,40.58,409,3,1394.532
97,2018,2,25.24,40.58,409,3,1027.998
97,2019,2,25.24,40.58,409,3,454.256
97,2020,2,25.24,40.58,409,3,653.88
98,2015,3,9.07,0,260,1.56,0.731
98,2016,3,10.07,0,260,1.56,32.626
98,2017,3,10.07,0,260,2,23.671
98,2018,3,10.07,0,260,2,16.663
98,2019,3,10.07,0,260,2,10.366
98,2020,3,10.07,0,260,1.73,28.561
99,2015,3,6.03,0,132,1.55,18.129
99,2016,3,6.03,0,132,1.45,25.601
99,2017,3,6.58,0,132,0.8,31.557
99,2018,3,7.04,0,132,1.6,33.875
99,2019,3,7.04,0,132,1.82,32.037
99,2020,3,7.04,0,108,1.45,36.54
100,2015,3,2.15,0,103,0.59,1.404
100,2016,3,2.15,0,103,2,11.039
100,2017,3,2.15,0,103,1.45,3.222
100,2018,3,2.15,0,103,1.2,3.455
100,2019,3,2.15,0,103,1.36,5.078
100,2020,3,2.15,0,103,1.45,6.443
101,2015,2,15.23,2.9,66,0.65,9.462
101,2016,2,15.23,2.9,66,0.55,10.403
101,2017,2,15.23,2.9,66,0.91,16.487
101,2018,2,17.29,2.9,66,0.73,16.467
101,2019,2,17.29,2.9,66,0.73,7.951
101,2020,2,17.29,2.9,66,0.73,10.318
102,2015,3,8.22,0,116,0.95,3.363
102,2016,3,8.22,0,116,1.19,11.177
102,2017,3,8.22,0,116,1.1,12.211
102,2018,3,8.22,0,116,1.1,3.81
102,2019,3,8.22,0,116,1.1,14.06
102,2020,3,8.22,0,116,1.45,22.813
103,2015,3,98.49,0,690,0.97,195.654
103,2016,3,91.29,0,690,1,183.656
103,2017,3,114.48,0,690,1,182.831
103,2018,3,118.94,0,690,1,166.917
103,2019,3,118.94,0,690,1,127.566
103,2020,3,118.94,0,690,1,190.305
104,2015,3,4.01,0,90,0.97,2.933
104,2016,3,5.34,0,97,1,0.455
104,2017,3,3.7,0,97,0.8,4.485
104,2018,3,4.83,0,97,0.73,1.204
104,2019,3,3.7,0,97,0.87,1.259
104,2020,3,3.67,0,97,0.8,22.892
105,2015,3,8.29,0,170,1.32,8.492
105,2016,3,8.29,0,170,1.6,18.793
105,2017,3,8.82,0,170,1.6,17.576
105,2018,3,8.79,0,170,1.45,9.493
105,2019,3,8.79,0,170,1.6,3.126
105,2020,3,8.79,0,170,1.8,22.064
106,2015,3,5.51,0,49,0.88,20.877
106,2016,3,5.51,0,125,1.11,16.242
106,2017,3,5.51,0,125,0.94,38.566
106,2018,3,5.88,0,125,1,27.388
106,2019,3,5.88,0,125,1.29,27.092
106,2020,3,5.64,0,125,1.38,0.612
107,2015,3,5.72,7.08,19,0.7,8.619
107,2016,3,5.72,7.08,56,1,13.805
107,2017,3,7.11,7.08,56,0.65,1.637
107,2018,3,6.8,7.08,56,0.8,17.317
107,2019,3,6.8,7.08,56,0.8,6.3
107,2020,3,11.48,7.08,56,0.73,4.395
108,2015,3,3.15,0,43,0.49,0.155
108,2016,3,3.15,0,43,0.57,0.276
108,2017,3,3.15,0,43,0.66,1.903
108,2018,3,3.15,0,43,0.8,3.214
108,2019,3,3.15,0,43,0.8,34.521
108,2020,3,3.15,0,43,0.91,2.437
109,2015,3,4.88,0,86,0.96,1.534
109,2016,3,4.88,0,86,0.42,3.827
109,2017,3,4.88,0,79,0.45,4.667
109,2018,3,7.94,0,79,0.57,10.589
109,2019,3,7.94,0,139,0.57,9.356
109,2020,3,8.34,0,139,0.57,4.889
110,2015,2,1.83,0,130,2,66.487
110,2016,2,1.27,0.47,107,2.05,41.184
110,2017,2,1.35,0.47,107,2.55,23.415
110,2018,2,1.04,0.47,116,2.13,36.103
110,2019,2,1.08,0.32,116,1.84,35.848
110,2020,2,1.08,0.32,116,1.84,29.746
111,2015,3,30.1,0,297,1,252.862
111,2016,3,49.69,0,370,1,169.986
111,2017,3,48.99,0,370,1.58,164.739
111,2018,3,48.99,0,370,2.18,28.771
111,2019,3,32.16,0,370,1.78,44.932
111,2020,3,31.35,0,370,2.4,191.626
112,2015,3,3.16,0,126,1,24.467
112,2016,3,3.67,0,126,1,61.179
112,2017,3,5.62,0,126,0.8,34.768
112,2018,3,5.62,0,126,0.8,7.044
112,2019,3,5.62,0,126,0.91,5.008
112,2020,3,8.92,0,126,0.8,4.592
113,2015,2,11.1,0,244,0.91,14.952
113,2016,2,11.1,0,244,0.73,23.949
113,2017,2,11.03,0,244,0.8,16.385
113,2018,2,11.47,0,244,0.8,11.772
113,2019,2,11.47,0,244,0.91,23.793
113,2020,2,11.47,0,244,0.87,35.654
114,2015,3,55.75,0,648,1.76,64.638
114,2016,3,66.13,0,648,2,91.397
114,2017,3,57.69,0,648,1.6,33.046
114,2018,3,63.97,0,648,1.55,41.72
114,2019,3,67.15,0,648,1.64,44.021
114,2020,3,63.97,0,648,1.78,111.815
115,2015,3,1.03,0,88,1.73,2.325
115,2016,3,1.91,0,88,1.45,16.845
115,2017,3,1.91,0,165,1.96,35.674
115,2018,3,1.75,0,165,2,34.11
115,2019,3,1.65,0,165,1.45,26.164
115,2020,3,1.85,0,90,2,29.348
116,2015,3,17.23,0,630,1,25.312
116,2016,3,17.9,0,630,1,30.368
116,2017,3,19.08,0,792,1.55,51.863
116,2018,3,14.43,0,792,1.55,38.191
116,2019,3,26.66,0,792,1,77.605
116,2020,3,26.66,0,792,1.48,35.353
117,2015,2,81.55,19.56,117,2.97,406.333
117,2016,2,81.55,19.56,1828,2,266.593
117,2017,2,81.55,19.56,1828,2.82,363.326
117,2018,2,81.55,19.56,1828,2.82,263.941
117,2019,2,81.55,19.56,1961,2.82,132.344
117,2020,2,90.81,19.56,1869,2.82,176.299
118,2015,3,7.09,0,228,1,51.53
118,2016,3,6.71,0,228,3.2,58.429
118,2017,3,6.79,0,228,3.2,44.626
118,2018,3,6.79,0,228,3.53,69.017
118,2019,3,6.79,0,228,3.64,132.746
118,2020,3,8.43,0,228,4,365.803
119,2015,3,26.37,0,139,1,15.407
119,2016,3,27.78,0,115,0.87,7.153
119,2017,3,29.97,0,115,0.65,4.165
119,2018,3,29.94,0,115,0.64,3.424
119,2019,3,28.82,0,115,1.71,13.551
119,2020,3,30.69,0,115,1.6,3.746
120,2015,2,46.19,0,492,2.41,270.417
120,2016,2,71.43,0,492,3,200.748
120,2017,2,109.79,0,493,3,1076.179
120,2018,2,172.46,0,493,3,1083.146
120,2019,2,172.46,0,493,3,993.841
120,2020,2,172.46,0,493,2.73,1273.678
121,2015,2,9.93,3.12,84,0.82,4.199
121,2016,2,19.8,3.12,84,1,45.021
121,2017,2,21.62,3.12,84,0.8,16.425
121,2018,2,21.62,3.12,84,1.8,56.15
121,2019,2,22.46,3.26,84,1.56,40.587
121,2020,2,24.35,3.26,84,0.8,64.077
122,2015,2,46.53,0,305,2,4.484
122,2016,2,46.53,0,305,1.73,52.482
122,2017,2,50.79,0,305,1.4,16.37
122,2018,2,50.79,0,305,1.6,14.772
122,2019,2,50.79,0,305,1.67,19.261
122,2020,2,50.79,0,305,1.89,95.588
123,2015,2,16.42,0,291,1,16.969
123,2016,2,8.19,0,291,1,23.869
123,2017,2,8.79,0,291,1,18.626
123,2018,2,8.65,0,291,0.8,14.691
123,2019,2,15.16,0,291,1,49.476
123,2020,2,17.62,0,291,1.51,78.415
124,2015,2,114.04,5.63,589,1,66.482
124,2016,2,110.57,5.63,589,2.55,268.232
124,2017,2,134.56,5.63,674,2.37,213.116
124,2018,2,135.64,11.28,674,3,563.88
124,2019,2,138.2,5.65,674,3,503.739
124,2020,2,137.31,5.65,674,3,1336.639
125,2015,1,6.84,11.94,244,0.63,2.344
125,2016,1,6.84,11.94,244,0.55,3.237
125,2017,1,6.84,11.94,244,0.41,5.922
125,2018,1,6.84,11.94,244,0.55,5
125,2019,1,6.84,11.94,244,0.55,0.751
125,2020,1,6.84,11.94,244,0.91,1.96
126,2015,2,6.19,0.88,212,1.31,42.585
126,2016,2,6.19,0.88,212,1.31,88.166
126,2017,2,6.19,0.88,212,1.18,37.526
126,2018,2,6.19,0.88,212,1.31,77.746
126,2019,2,6.19,0.88,212,1.05,25.985
126,2020,2,6.19,0.88,212,1,4.937
127,2015,2,71.5,8.56,279,1.45,13.559
127,2016,2,71.5,8.56,279,1.45,16.578
127,2017,2,71.5,8.56,279,1.45,28.637
127,2018,2,71.5,8.56,279,1.91,37.777
127,2019,2,71.5,8.56,279,1.53,44.587
127,2020,2,72.09,8.56,279,1.53,40.074
128,2015,2,24.43,0,195,2,5.216
128,2016,2,24.66,0,195,2,4.129
128,2017,2,24.66,0,195,2,7.425
128,2018,2,24.8,0,195,2,9.911
128,2019,2,24.8,0,110,1.98,12.756
128,2020,2,24.8,0,110,1.75,7.545
129,2015,2,31.65,0,206,1,56.722
129,2016,2,31.65,0,206,1,47.884
129,2017,2,31.65,0,206,1,38.459
129,2018,2,31.65,0,206,1,34.015
129,2019,2,31.65,0,206,1,32.462
129,2020,2,31.65,0,177,1,30.301
130,2015,2,10.1,0,44,1.35,8.471
130,2016,2,10.1,0,44,1.35,12.581
130,2017,2,10.1,0,44,1.55,27.393
130,2018,2,10.1,0,44,1.55,33.347
130,2019,2,10.1,0,44,1.45,20.19
130,2020,2,10.1,0,44,1.09,15.799
131,2015,2,15.51,3.62,224,1,10.5
131,2016,2,15.51,3.62,224,1,21.655
131,2017,2,15.51,3.62,224,1,16.114
131,2018,2,15.51,3.62,224,1,21.232
131,2019,2,15.51,3.62,224,1,15.548
131,2020,2,15.51,3.62,224,1,28.324
132,2015,2,17.46,10,163,1.73,20.925
132,2016,2,17.46,10,163,1.73,28.482
132,2017,2,17.46,10,163,1.73,13.319
132,2018,2,17.46,10,163,1.73,67.432
132,2019,2,17.46,10,163,1.73,17.431
132,2020,2,17.46,10,163,1.73,19.751
133,2015,3,127.07,0,641,0.44,114.086
133,2016,3,82.47,0,641,0.55,83.272
133,2017,3,135.47,0,641,0.95,161.844
133,2018,3,135.47,0,641,0.65,137.743
133,2019,3,112.22,0,641,0.8,154.689
133,2020,3,112.22,0,641,1.75,92.795
134,2015,3,3.72,0,47,0.58,33.405
134,2016,3,2.98,0,47,0.73,33.313
134,2017,3,2.98,0,47,0.87,28.644
134,2018,3,2.98,0,47,0.73,27.846
134,2019,3,2.98,0,47,0.76,37.352
134,2020,3,3.66,0,47,1,12.817
135,2015,3,6.96,0.29,59,0.65,29.991
135,2016,3,6.96,0.29,59,0.73,130.181
135,2017,3,6.96,0.29,59,0.73,57.285
135,2018,3,6.96,0.29,59,0.87,184.98
135,2019,3,8.46,0.29,59,0.87,144.38
135,2020,3,8.46,0.29,59,0.8,73.357
136,2015,3,4.52,0.16,105,1.02,32.355
136,2016,3,4.52,0.16,105,1.02,64.416
136,2017,3,4.52,0.16,105,1.53,71.619
136,2018,3,4.52,0.16,105,1.29,106.756
136,2019,3,4.52,0.16,105,1.24,139.011
136,2020,3,4.57,0.16,105,1.55,101.361
137,2015,2,83.14,154.06,210,3,136.451
137,2016,2,83.14,154.06,210,1.91,147.875
137,2017,2,83.14,154.06,210,2,128.664
137,2018,2,83.14,154.06,210,1,88.019
137,2019,2,83.14,154.06,210,1.8,117.569
137,2020,2,83.14,154.06,210,1,84.152
138,2015,2,28.42,3.42,96,2.73,11.292
138,2016,2,29.44,3.42,96,2.73,38.655
138,2017,2,29.44,3.42,96,2.18,41.823
138,2018,2,29.44,3.42,96,2.18,51.334
138,2019,2,29.44,3.42,96,2.73,74.319
138,2020,2,29.44,3.42,96,2.73,57.066
139,2015,2,57.7,0,492,2,36.34
139,2016,2,57.7,0,492,2,29.251
139,2017,2,57.7,0,492,2,11.035
139,2018,2,57.7,0,492,2,24.473
139,2019,2,57.7,0,492,2,22.996
139,2020,2,57.7,0,492,2,22.35
140,2015,2,30.71,0,213,3.64,446.43
140,2016,2,30.71,0,213,4,264.075
140,2017,2,30.71,0,213,3.73,389.748
140,2018,2,30.71,0,213,3.73,301.756
140,2019,2,27.15,0,213,3.64,199.941
140,2020,2,27.15,0,213,0.73,16.345
141,2015,3,127.12,0,605,1,11.457
141,2016,3,127.12,0,605,1.65,50.849
141,2017,3,116.8,0,605,1,65.044
141,2018,3,116.8,0,605,0.73,20.686
141,2019,3,96.01,0,605,0.73,52.566
141,2020,3,96.01,0,624,0.73,51.062
142,2015,2,47.31,0,274,1,5.734
142,2016,2,47.31,0,274,0.73,4.16
142,2017,2,47.31,0,274,1,13.254
142,2018,2,47.31,0,274,1,31.704
142,2019,2,47.31,0,274,0.98,8.912
142,2020,2,47.31,0,266,1,18.148
143,2015,3,0.9,0,45,3,26.829
143,2016,3,0.9,0,60,3,23.663
143,2017,3,0.9,0,60,3,27.046
143,2018,3,0.9,0,60,3,26.696
143,2019,3,0.9,0,60,3,39.696
143,2020,3,0.9,0,60,3,54.184
144,2015,2,110,0,478,3.64,20.276
144,2016,2,110,0,478,3.64,59.866
144,2017,2,110,0,478,3.64,100.448
144,2018,2,163,0,478,3.64,229.866
144,2019,2,163,0,478,3.64,263.635
144,2020,2,163,0,478,2.91,130.359
145,2015,2,7.59,0,140,3,18.49
145,2016,2,8.52,0,140,3,14.685
145,2017,2,8.52,0,140,2.95,13.831
145,2018,2,8.52,0,140,3,17.9
145,2019,2,8.52,0,140,2.36,18.397
145,2020,2,8.52,0,140,2.62,27.023
146,2015,2,48.35,0,555,2.95,271.151
146,2016,2,64.08,0,555,2.64,147.579
146,2017,2,53.55,0,555,3,196.604
146,2018,2,54.36,0,629,3.55,187.517
146,2019,2,54.36,0,541,3.82,222.423
146,2020,2,54.36,0,541,3.59,223.423
147,2015,2,94.55,0,162,2,37.369
147,2016,2,94.55,0,803,1.71,6.228
147,2017,2,94.55,0,803,1.98,21.126
147,2018,2,94.55,0,803,2,16.629
147,2019,2,94.55,0,803,1.87,23.029
147,2020,2,94.55,0,803,1.87,28.178
148,2015,3,17.59,0,190,1,21.097
148,2016,3,17.59,0,190,0.98,19.422
148,2017,3,17.59,0,190,1,17.747
148,2018,3,17.59,0,190,1,12.696
148,2019,3,17.59,0,190,1,24.106
148,2020,3,15.08,0,190,1,15.371
149,2015,2,382.7,0,1092,3.31,191.333
149,2016,2,382.7,0,1092,3.48,106.644
149,2017,2,382.7,0,1092,3.75,109.575
149,2018,2,382.7,0,1092,4,61.059
149,2019,2,382.7,0,1169,3.18,122.711
149,2020,2,382.7,0,1103,3.18,41.384
150,2015,2,160.3,4,54,0.91,20.561
150,2016,2,130.3,4,54,0.73,90.406
150,2017,2,130.3,4,54,0.73,143.665
150,2018,2,130.3,4,54,0.73,185.898
150,2019,2,130.3,4,544,0.73,98.54
150,2020,2,130.3,4,544,0.73,85.303
151,2015,1,1.73,0,125,1.82,61.962
151,2016,1,1.73,0,125,1.82,36.84
151,2017,1,1.73,0,125,1.64,52.899
151,2018,1,1.73,0,125,2,138.046
151,2019,1,1.73,0,125,2,105.777
151,2020,1,1.73,0,125,1.82,121.471
152,2015,1,7.09,0,88,2.73,116.072
152,2016,1,7.09,0,88,2.18,123.382
152,2017,1,7.09,0,88,2.18,117.678
152,2018,1,7.09,0,88,2.18,76.594
152,2019,1,7.09,0,88,2.18,45.346
152,2020,1,7.09,0,88,2.18,154.921
153,2015,3,1,0,29,1,18.88
153,2016,3,1,0,29,1,20.087
153,2017,3,1,0,29,1,27.025
153,2018,3,1,0,29,1,10.307
153,2019,3,1,0,29,1,9.927
153,2020,3,1,0,29,1,13.417
154,2015,3,0.5,0,17,1,4.402
154,2016,3,0.5,0,17,1,13.495
154,2017,3,0.5,0,103,1,4.955
154,2018,3,0.5,0,103,0.73,2.655
154,2019,3,0.5,0,103,1,4.079
154,2020,3,0.5,0,103,1,5.625
155,2015,2,6.79,0.47,184,1.89,4.108
155,2016,2,7.49,0.47,184,1.02,2.204
155,2017,2,6.12,0.47,184,0.79,1.341
155,2018,2,6.77,0.47,184,0.87,1.305
155,2019,2,6.77,0.47,184,0.87,0.953
155,2020,2,6.77,0.47,184,1.05,3.296
156,2015,1,4.75,0,191,2,226.017
156,2016,1,4.75,0,191,2,249.737
156,2017,1,4.75,0,191,2,278.254
156,2018,1,4.75,0,191,2,260.948
156,2019,1,4.75,0,191,2,163.659
156,2020,1,4.75,0,191,1.64,337.562
157,2015,2,8,0,26,1.56,5.619
157,2016,2,8,0,26,1.05,6.307
157,2017,2,8,0,26,1.05,17.264
157,2018,2,8,0,26,1.05,17.276
157,2019,2,8,0,26,1.38,1.802
157,2020,2,8,0,26,1.38,3.871
158,2015,1,3.17,0,48,2.36,18.031
158,2016,1,3.17,0,48,2.18,8.546
158,2017,1,3.17,0,48,2.18,14.476
158,2018,1,3.17,0,48,2.18,22.501
158,2019,1,3.17,0,48,2.18,6.207
158,2020,1,3.17,0,48,2.18,31.816
159,2015,3,92.62,11,284,2.64,53.188
159,2016,3,92.62,11,284,3.42,32.811
159,2017,3,94.12,11,284,3.55,61.549
159,2018,3,94.12,11,284,3.36,40.948
159,2019,3,94.12,11,284,3.15,73.711
159,2020,3,94.12,11,210,3.55,75.94
160,2015,2,8.57,0,156,1,6.487
160,2016,2,8.57,0,156,0.41,2.394
160,2017,2,8.57,0,156,0.91,6.768
160,2018,2,8.57,0,156,0.41,3.849
160,2019,2,8.57,0,156,0.91,4.418
160,2020,2,8.57,0,161,0.44,3.248
161,2015,2,16.77,0,116,1.01,8.914
161,2016,2,16.77,0,116,0.46,4.397
161,2017,2,16.77,0,116,1.59,2.915
161,2018,2,16.77,0,116,0.51,8.803
161,2019,2,16.77,0,116,0.5,2.927
161,2020,2,16.77,0,116,0.45,11.643
162,2015,2,12.3,0,79,1.21,4.656
162,2016,2,12.3,0,79,0.76,3.914
162,2017,2,12.3,0,79,0.59,8.036
162,2018,2,12.3,0,79,0.45,4.243
162,2019,2,12.3,0,79,0.52,6.294
162,2020,2,12.3,0,79,0.5,4.89
163,2015,2,15.94,0,74,0.98,5.977
163,2016,2,15.94,0,74,0.98,1.973
163,2017,2,15.94,0,74,0.98,2.152
163,2018,2,15.94,0,74,0.86,3.718
163,2019,2,15.94,0,74,0.86,2.719
163,2020,2,15.94,0,74,0.74,5.068
164,2015,2,36.91,0,99,1.53,23.479
164,2016,2,49.41,0,99,1.44,26.671
164,2017,2,49.41,0,129,1.44,39.33
164,2018,2,49.41,0,129,1.44,53.075
164,2019,2,49.41,0,129,1.44,54.45
164,2020,2,53.66,0,129,1.35,71.278
165,2015,2,104.14,0,804,0.68,61.513
165,2016,2,104.14,0,1054,1,154.744
165,2017,2,124.14,0,1054,1,52.38
165,2018,2,124.14,0,1054,1,39.529
165,2019,2,109.35,0,1054,1,107.43
165,2020,2,109.35,0,840,1.36,119.894
166,2015,2,38.39,0,592,1,9.125
166,2016,2,42.69,0,592,1,7.403
166,2017,2,54.42,0,592,1,15.334
166,2018,2,72.54,0,592,1,16.811
166,2019,2,88.63,0,592,1.44,35.474
166,2020,2,97.58,0,592,2.36,33.906
167,2015,2,9.06,0,85,1.75,55.399
167,2016,2,9.06,0,85,1.73,56.483
167,2017,2,9.06,0,85,1.69,67.168
167,2018,2,9.13,0,85,1.75,79.257
167,2019,2,9.13,0,85,1.44,65.703
167,2020,2,9.13,0,85,1.17,52.299
168,2015,2,36.29,3,49,1.53,35.434
168,2016,2,36.29,3,49,1.51,41.836
168,2017,2,37.05,3,49,1.56,45.175
168,2018,2,36.74,3,49,1.29,54.746
168,2019,2,36.74,3,49,1.4,45.945
168,2020,2,36.74,3,49,1.29,31.287
169,2015,2,44.48,0,162,1.19,78.13
169,2016,2,45.01,0,162,1.42,52.903
169,2017,2,45.01,0,162,1.13,52.532
169,2018,2,45.01,0,162,1.42,38.67
169,2019,2,44.62,0,162,1.33,44.213
169,2020,2,44.62,0,162,1.22,35.071
170,2015,2,43.31,0,175,1.41,44.21
170,2016,2,43.31,0,175,1.13,32.498
170,2017,2,54.66,0,175,1.33,44.238
170,2018,2,65.25,0,175,2.13,56.219
170,2019,2,60.14,0,175,2.07,44.588
170,2020,2,56.68,0,175,2.04,44.161
171,2015,2,136.82,0,409,2.95,166.763
171,2016,2,140.74,0,409,2.62,106.234
171,2017,2,231.14,0,409,3,225.526
171,2018,2,239.57,0,409,3,230.63
171,2019,2,240.31,0,409,3.13,349.571
171,2020,2,249.37,0,409,3.02,431.421
172,2015,2,17.31,0,81,2.19,22.283
172,2016,2,17.31,0,81,1.82,29.158
172,2017,2,17.31,0,81,1.96,11.688
172,2018,2,17.31,0,81,2.02,12.084
172,2019,2,17.31,0,81,2.05,16.575
172,2020,2,17.31,0,81,2.05,10.735
173,2015,2,22.37,0,86,1.73,10.653
173,2016,2,22.37,0,86,1.09,4.419
173,2017,2,22.37,0,86,1.73,0.915
173,2018,2,22.37,0,86,0.91,10.727
173,2019,2,36.23,0,86,0.91,24.189
173,2020,2,47.47,0,215,1,28.253
174,2015,2,17.13,0,125,2.51,123.522
174,2016,2,17.13,0,125,3,99.964
174,2017,2,17.13,0,191,2.22,93.225
174,2018,2,17.13,0,191,2,128.87
174,2019,2,17.09,0,191,2.29,53.902
174,2020,2,17.09,0,191,2.18,83.311
175,2015,2,5.57,0,88,1.71,22.62
175,2016,2,5.57,0,88,1.21,16.279
175,2017,2,5.57,0,88,1.8,17.169
175,2018,2,5.57,0,88,1.89,13.998
175,2019,2,5.57,0,88,1.75,14.607
175,2020,2,5.55,0,88,1.78,15.736
176,2015,2,9.76,0,75,1.49,7.607
176,2016,2,9.76,0,75,1.2,5.544
176,2017,2,9.76,0,75,1.22,2.244
176,2018,2,9.47,0,75,1.15,3.823
176,2019,2,9.76,0,75,0.93,9.075
176,2020,2,9.76,0,75,0.85,9.328
177,2015,2,9.73,0,106,1,5.536
177,2016,2,9.73,0,106,1,6.604
177,2017,2,9.73,0,106,1,3.195
177,2018,2,9.73,0,106,0.48,6.761
177,2019,2,9.73,0,106,1,5.463
177,2020,2,9.73,0,106,1,6.72
178,2015,2,11.8,0.53,59,0.73,9.494
178,2016,2,11.8,0.53,59,0.73,14.851
178,2017,2,11.8,0.53,59,0.91,6.35
178,2018,2,11.8,0.53,59,0.91,8.785
178,2019,2,11.8,0.53,59,0.91,9.215
178,2020,2,11.8,0.53,59,0.91,8.457
179,2015,2,7.14,0,243,1.09,9.241
179,2016,2,7.14,0,243,1.02,3.51
179,2017,2,9.14,0,243,0.73,3.714
179,2018,2,9.14,0,243,0.64,1.615
179,2019,2,9.14,0,243,0.59,2.057
179,2020,2,9.14,0,243,0.57,1.91
180,2015,2,196.88,0,908,3,75.907
180,2016,2,201.17,0,908,2.73,52.226
180,2017,2,218.87,3.09,908,3,88.211
180,2018,2,225.67,3.09,908,3,82.954
180,2019,2,232.17,3.09,908,3,117.107
180,2020,2,239.87,3.09,908,3,118.874
181,2015,2,8.9,1.5,99,0.91,9.24
181,2016,2,8.9,1.5,99,0.56,5.475
181,2017,2,8.9,1.5,99,0.59,3.337
181,2018,2,8.9,1.5,99,0.6,3.684
181,2019,2,8.9,1.5,99,0.91,3.486
181,2020,2,8.9,1.5,99,0.76,6.184
182,2015,2,86,20,155,2.73,130.379
182,2016,2,86,20,155,2.73,95.341
182,2017,2,86,20,155,2.73,205.087
182,2018,2,86,20,155,2.73,226.862
182,2019,2,86,20,155,3.73,217.144
182,2020,2,86,20,155,3.73,200.131
183,2015,2,14.73,1.12,219,0.91,4.771
183,2016,2,14.73,1.12,219,0.91,4.401
183,2017,2,14.73,1.12,219,0.91,4.096
183,2018,2,14.73,1.12,219,0.55,11.463
183,2019,2,14.73,1.12,219,0.67,11.27
183,2020,2,14.73,1.12,219,0.57,16.409
184,2015,2,22.36,0,284,0.91,17.222
184,2016,2,22.36,0,284,0.91,13.573
184,2017,2,22.36,0,284,0.91,3.108
184,2018,2,21.36,1,284,0.73,5.605
184,2019,2,20.36,2,284,0.91,2.695
184,2020,2,20.29,2,284,0.73,4.323
185,2015,2,36.92,0,178,2.73,26.144
185,2016,2,36.92,0,178,2.73,21.526
185,2017,2,36.92,0,178,2.91,19.201
185,2018,2,36.92,0,178,3,25.255
185,2019,2,36.92,0,178,3,32.69
185,2020,2,36.92,0,178,3,35.237
186,2015,2,7.66,0.31,94,1,7.315
186,2016,2,7.66,0.31,94,0.91,8.638
186,2017,2,7.66,0.31,94,1,9.574
186,2018,2,7.66,0.31,94,1,25.313
186,2019,2,7.66,0.31,94,1,14.174
186,2020,2,7.66,0.31,94,1,17.277
187,2015,2,115.6,0,350,1.73,97.209
187,2016,2,115.6,0,483,1.91,115.532
187,2017,2,115.6,0,483,1.98,95.433
187,2018,2,71.5,0,483,1.98,25.726
187,2019,2,73.5,0,483,1.91,47.035
187,2020,2,73.5,0,483,1.98,56.553
188,2015,2,10.24,0,218,2.27,7.63
188,2016,2,10.24,0,218,2.6,75
188,2017,2,10.24,0,218,2.53,47.371
188,2018,2,10.24,0,218,2.56,43.173
188,2019,2,12.66,0,169,2.62,57.237
188,2020,2,12.66,0,189,3.64,61.258
189,2015,2,5.82,0,74,0.73,10.367
189,2016,2,5.82,0,74,0.86,14.614
189,2017,2,5.82,0,74,0.95,16.311
189,2018,2,5.82,0,74,0.95,15.697
189,2019,2,5.82,0,74,0.87,19.57
189,2020,2,5.82,0,74,0.73,18.546
190,2015,2,24.5,0,185,1.55,27.363
190,2016,2,24.5,0,185,1.73,38.783
190,2017,2,24.5,0,185,0.81,17.36
190,2018,2,24.5,0,185,1.45,25.205
190,2019,2,24.5,0,185,1.27,15.748
190,2020,2,26.5,0,259,2.55,38.347
191,2015,2,8.95,0,99,0.91,2.323
191,2016,2,8.95,0,99,0.73,10.534
191,2017,2,8.95,0,99,0.58,8.774
191,2018,2,8.95,0,99,0.8,9.544
191,2019,2,8.95,0,99,0.65,6.316
191,2020,2,8.95,0,99,0.65,8.43
192,2015,2,79.73,0.48,276,1,34.235
192,2016,2,79.73,0.48,276,1,33.035
192,2017,2,68.23,0.48,180,1,28.641
192,2018,2,76.78,0.48,180,1,33.992
192,2019,2,65.2,0.48,180,1,25.82
192,2020,2,65.2,0.48,180,1,34.904
193,2015,2,58.89,0,313,1,35.976
193,2016,2,62.3,0,501,1,43.911
193,2017,2,62.3,0,501,1,22.434
193,2018,2,81.3,0,501,1,36.945
193,2019,2,81.3,0,501,1,7.746
193,2020,2,81.3,0,501,1,23.072
194,2015,2,2.75,0.2,51,0.79,0.872
194,2016,2,2.75,0.2,51,0.82,1.207
194,2017,2,2.75,0.2,51,0.57,0.218
194,2018,2,2.75,0.2,51,0.55,2.267
194,2019,2,2.75,0.2,51,0.55,3.566
194,2020,2,2.75,0.2,51,0.55,3.286
195,2015,2,26.5,0,227,2,200.164
195,2016,2,26.5,0,227,1.91,133.623
195,2017,2,26.5,0,227,1.5,57.729
195,2018,2,26.5,0,227,1.5,61.101
195,2019,2,26.5,0,227,1.5,64.347
195,2020,2,26.5,0,227,1.5,58.835
196,2015,2,24.2,20,66,0.45,18.025
196,2016,2,24.2,20,66,0.45,14.251
196,2017,2,24.2,20,66,0.45,6.242
196,2018,2,24.2,20,66,0.45,9.48
196,2019,2,24.2,20,66,0.45,14.582
196,2020,2,24.2,20,66,0.45,16.802
197,2015,2,8.2,9,110,1.23,8.114
197,2016,2,8.2,9,110,1.23,4.095
197,2017,2,8.2,9,110,1.23,5.861
197,2018,2,8.2,9,110,1.23,0.931
197,2019,2,8.2,9,110,1.23,0.78
197,2020,2,8.2,9,110,1.23,3.436
198,2015,2,2.3,1.54,144,0.82,6.714
198,2016,2,2.4,1.54,144,0.82,13.818
198,2017,2,2.4,1.54,144,0.82,14.389
198,2018,2,2.4,1.54,144,0.82,16.535
198,2019,2,2.4,1.54,144,0.82,23.733
198,2020,2,2.4,1.54,144,0.82,23.485
199,2015,2,10.9,1.33,50,0.82,8.295
199,2016,2,10.9,1.33,50,0.82,13.521
199,2017,2,10.9,1.33,50,0.85,5.47
199,2018,2,10.9,1.33,50,0.71,2.13
199,2019,2,10.9,1.33,50,0.41,1.856
199,2020,2,10.9,1.33,50,0.41,2.381
200,2015,2,60.89,1.74,130,0.82,28.763
200,2016,2,60.89,1.74,130,1,26.461
200,2017,2,60.89,1.74,130,0.95,33.241
200,2018,2,60.89,1.74,130,0.55,31.696
200,2019,2,60.89,1.74,130,0.82,35.973
200,2020,2,60.89,1.74,130,0.82,46.368
201,2015,2,49.37,13.69,545,0.78,23.803
201,2016,2,49.37,13.69,545,0.59,16.533
201,2017,2,49.37,13.69,545,0.76,18.501
201,2018,2,49.37,13.69,545,1.08,27.193
201,2019,2,49.37,13.69,545,1.05,25.66
201,2020,2,49.37,13.69,545,0.83,35.646
202,2015,2,7.28,0.04,211,1.77,13.252
202,2016,2,7.28,0.04,211,0.65,10.635
202,2017,2,7.28,0.04,211,0.76,13.027
202,2018,2,7.28,0.04,211,0.76,17.542
202,2019,2,7.28,0.04,211,0.81,20.734
202,2020,2,7.28,0.04,211,0.86,20.476
203,2015,2,40,30,585,1.27,9.985
203,2016,2,40,30,585,1.04,10.889
203,2017,2,40,30,585,1.71,13.614
203,2018,2,40,30,585,1.91,18.553
203,2019,2,40,30,585,2,8.756
203,2020,2,40,30,585,2,13.858
204,2015,2,7.5,0,182,0.95,23.195
204,2016,2,7.5,0,182,1.48,24.203
204,2017,2,7.5,0,293,1.27,10.089
204,2018,2,7.5,0,293,1.02,9.567
204,2019,2,7.5,0,293,1.09,10.061
204,2020,2,7.5,0,293,0.77,9.397
205,2015,2,5.7,0,65,2.04,14.211
205,2016,2,5.7,0,65,2.02,30.405
205,2017,2,5.7,0,65,1.34,16.92
205,2018,2,5.7,0,65,1.51,20.586
205,2019,2,5.7,0,65,0.95,12.131
205,2020,2,5.7,0,65,0.67,9.83
206,2015,1,70.7,314,171,1.82,60.748
206,2016,1,70.7,314,171,2,53.761
206,2017,1,70.7,314,392,2,76.14
206,2018,1,81.7,314,392,2,75.294
206,2019,1,81.7,314,392,1.27,54.707
206,2020,1,88.7,314,392,1.35,40.879
207,2015,2,1.36,0,59,1.25,21.46
207,2016,2,1.36,0,59,1.25,13.72
207,2017,2,1.36,0,59,1.39,10.099
207,2018,2,1.36,0,59,1.39,3.789
207,2019,2,1.36,0,59,1.39,4.629
207,2020,2,1.36,0,59,1.41,4.834
208,2015,2,6.23,0,103,1.53,195.293
208,2016,2,6.23,0,103,2.21,137.991
208,2017,2,6.23,0,103,2.21,73.232
208,2018,2,17.6,0,115,2.47,94.613
208,2019,2,37.93,0.3,115,2.92,135.978
208,2020,2,37.93,0.3,115,3.11,174.079
209,2015,2,10.05,1.27,169,1.25,43.498
209,2016,2,10.05,1.27,169,1.27,27.56
209,2017,2,10.05,1.27,169,1.41,30.014
209,2018,2,10.05,1.27,169,1.41,18.381
209,2019,2,10.05,1.27,169,1.41,12.07
209,2020,2,11.15,1.27,169,1.95,25.415
210,2015,2,21.01,1.26,181,0.82,45.341
210,2016,2,21.01,1.26,181,0.82,41.304
210,2017,2,19.1,1.26,181,0.95,29.908
210,2018,2,19.1,1.26,181,0.54,39.039
210,2019,2,19.1,1.26,181,0.91,39.527
210,2020,2,19.1,1.26,206,1,44.436
211,2015,2,51.5,1.3,265,1.09,15.912
211,2016,2,51.5,1.3,265,1.09,25.089
211,2017,2,33.32,1.3,265,1.73,0.834
211,2018,2,33.32,1.3,265,1.09,4.583
211,2019,2,38.06,1.3,265,1.09,27.916
211,2020,2,38.06,1.3,177,1.09,15.946
212,2015,2,42.16,27.74,79,0.91,0.488
212,2016,2,42.16,27.74,79,0.91,7.523
212,2017,2,42.16,27.74,160,1,14.254
212,2018,2,42.16,27.74,160,1,22.243
212,2019,2,42.16,27.74,160,1,16.687
212,2020,2,42.16,27.74,160,1,40.277
213,2015,2,51,0,474,1,9.467
213,2016,2,51,0,474,0.95,10.311
213,2017,2,51,0,474,0.91,14.13
213,2018,2,51,0,474,0.98,16.315
213,2019,2,51,0,474,0.98,30.791
213,2020,2,51,0,474,0.87,24.207
214,2015,2,102,3,224,1.85,105.363
214,2016,2,102,3,224,1.71,120.081
214,2017,2,102,3,224,1.45,18.448
214,2018,2,79,3,224,1.45,15.389
214,2019,2,79,3,224,1.75,22.935
214,2020,2,18.94,3,224,1,0.415
215,2015,1,27.12,22.78,178,1.64,30.967
215,2016,1,28.14,22.78,178,2,65.641
215,2017,1,30.11,25.77,248,1,31.704
215,2018,1,30.11,25.77,248,1,43.607
215,2019,1,31.19,31.26,248,1,26.027
215,2020,1,31.11,31.26,344,1,39.974
216,2015,2,28.89,13.65,118,0.65,5.301
216,2016,2,28.89,13.65,118,0.63,6.596
216,2017,2,28.89,13.65,213,0.49,5.778
216,2018,2,28.83,13.65,180,0.68,2.544
216,2019,2,28.83,13.65,180,0.68,15.423
216,2020,2,30.97,13.65,197,0.68,14.205
217,2015,2,11.05,0,110,1,0.713
217,2016,2,11.05,0,110,1,2.784
217,2017,2,11.05,0,110,1,6.052
217,2018,2,9.33,0,110,0.73,5.428
217,2019,2,11.05,0,110,0.73,8.226
217,2020,2,11.05,0,110,0.73,9.915
218,2015,2,27.14,0,147,1,12.747
218,2016,2,35.13,0,147,1,66.149
218,2017,2,41.97,0,147,1,17.908
218,2018,2,92.27,0,147,1,65.035
218,2019,2,93.9,0,147,1,66.936
218,2020,2,80.89,0,147,1,63.877
219,2015,2,6.15,4.05,109,1,16.399
219,2016,2,6.15,4.05,109,1,15.794
219,2017,2,6.15,4.05,109,1,13.868
219,2018,2,6.23,4.05,109,1,23.344
219,2019,2,6.23,4.05,109,1,18.855
219,2020,2,6.23,4.05,109,1,7.753
220,2015,2,53.56,7.68,371,1,94.387
220,2016,2,53.56,7.68,371,1,104.884
220,2017,2,53.56,7.68,371,1,80.985
220,2018,2,57.58,7.68,466,1,27.815
220,2019,2,57.58,7.68,466,1,43.253
220,2020,2,75.04,7.68,466,1,36.35
221,2015,1,38.36,0,332,2,12.812
221,2016,1,38.36,0,332,2,58.565
221,2017,1,38.36,0,332,2,74.538
221,2018,1,38.36,0,332,2,66.065
221,2019,1,44.39,0,406,1.99,71.19
221,2020,1,44.39,0,406,2,70.455
222,2015,2,28.4,2.53,250,0.98,20.966
222,2016,2,28.4,2.53,250,2.09,24.739
222,2017,2,28.4,2.53,250,2.09,20.521
222,2018,2,28.4,2.53,250,2.09,18.634
222,2019,2,28.4,2.53,250,2.09,18.55
222,2020,2,28.4,2.53,250,2.09,16.735
223,2015,2,11.81,0,150,0.84,11.704
223,2016,2,11.81,0,150,0.91,60.547
223,2017,2,11.81,0,69,0.91,21.964
223,2018,2,11.81,0,69,0.91,13.59
223,2019,2,11.81,0,69,0.91,13.935
223,2020,2,9.83,0,69,0.91,25.262
224,2015,2,1.36,0,40,1,40.243
224,2016,2,1.36,0,40,0.91,34.497
224,2017,2,1.36,0,40,1,49.285
224,2018,2,1.36,0,40,0.91,45.744
224,2019,2,1.36,0,40,1.25,43.309
224,2020,2,1.36,0,40,1.45,31.505
225,2015,1,24.1,5.2,59,0.93,15.268
225,2016,1,24.1,5.2,59,0.91,18.251
225,2017,1,24.1,5.2,59,0.91,20.634
225,2018,1,24.1,5.2,59,0.91,22.749
225,2019,1,24.1,5.2,59,0.73,34.008
225,2020,1,24.1,5.2,59,1,29.245
226,2015,2,14.16,0.16,33,1,26.821
226,2016,2,14.66,0.16,33,1,19.513
226,2017,2,14.66,0.16,33,1,16.527
226,2018,2,14.66,0.16,33,1,16.323
226,2019,2,14.66,0.16,33,1,16.026
226,2020,2,14.66,0.16,33,1,14.893
227,2015,2,49.13,0,177,1.82,63.502
227,2016,2,49.13,0,177,1.82,81.729
227,2017,2,49.13,0,177,1.64,90.268
227,2018,2,49.13,0,177,1.64,102.874
227,2019,2,49.13,0,177,1.64,102.364
227,2020,2,49.13,0,177,1.98,103.76
228,2015,2,26,3.65,250,0.91,6.708
228,2016,2,26,3.65,250,0.91,4.081
228,2017,2,26,3.65,250,0.91,4.965
228,2018,2,26,3.65,250,0.91,8.253
228,2019,2,26,3.65,250,0.91,12.97
228,2020,2,26,3.65,250,0.44,6.053
229,2015,2,11.6,0,130,1,28.34
229,2016,2,11.6,0,130,1,64.567
229,2017,2,11.6,0,130,1,69.716
229,2018,2,17.47,0,130,1,52.971
229,2019,2,17.47,0,130,0.82,44.437
229,2020,2,16.18,0,130,0.82,20.674
230,2015,2,38.18,12.59,44,0.73,2.175
230,2016,2,38.18,12.59,44,1,2.297
230,2017,2,38.18,12.59,44,0.73,5.08
230,2018,2,38.18,12.59,44,1,6.876
230,2019,2,38.18,12.59,44,1,5.983
230,2020,2,38.18,12.59,44,1,9.11
231,2015,2,210.63,73.86,257,0.29,60.64
231,2016,2,208.6,73.86,257,0.29,57.181
231,2017,2,232.45,73.86,302,0.25,70.876
231,2018,2,236.89,69.42,302,0.25,57.061
231,2019,2,245.73,57.65,302,0.25,61.785
231,2020,2,265.68,16.7,302,0.25,32.267
232,2015,2,61.98,1.4,257,2.65,256.199
232,2016,2,61.98,1.4,257,3.25,267.473
232,2017,2,61.98,1.4,257,3.25,274.2
232,2018,2,69.28,1.4,257,3.64,184.897
232,2019,2,76.26,1.4,257,3.64,194.384
232,2020,2,89.92,1.4,257,3.64,136.266
233,2015,1,4.62,0,60,0.41,2.181
233,2016,1,4.62,0,60,0.91,2.844
233,2017,1,4.62,0,60,0.91,8.507
233,2018,1,4.62,0,60,1,7.985
233,2019,1,4.62,0,60,1,10.242
233,2020,1,4.62,0,60,1,7.924
234,2015,2,7.05,0,66,0.73,9.831
234,2016,2,7.05,0,66,1,11.722
234,2017,2,7.05,0,66,0.73,10.382
234,2018,2,7.05,0,66,0.91,5.753
234,2019,2,7.05,0,66,1,3.05
234,2020,2,7.05,0,66,1,4.454
235,2015,2,11.24,0,136,0.82,71.956
235,2016,2,11.24,0,136,0.82,4.625
235,2017,2,11.24,0,136,0.82,7.016
235,2018,2,13,0,136,0.91,20.748
235,2019,2,13,0,136,1,34.302
235,2020,2,13,0,136,1,77.447
236,2015,3,19.08,4.75,239,1.82,104.14
236,2016,3,19.08,4.75,239,1.82,101.348
236,2017,3,19.08,4.75,239,1.82,98.858
236,2018,3,19.08,4.75,239,1.82,80.567
236,2019,3,19.08,4.75,239,1.82,82.331
236,2020,3,19.08,4.75,239,1.36,212.082
237,2015,3,2.6,0,140,1.82,5.063
237,2016,3,2.6,0,140,1.82,15.049
237,2017,3,2.6,0,140,1.82,71.097
237,2018,3,2.6,0,140,1.82,66.973
237,2019,3,2.6,0,140,2,52.736
237,2020,3,2.6,0,140,1.91,52.103
238,2015,3,27.54,0,250,2.73,292.329
238,2016,3,27.54,0,250,2.73,306.831
238,2017,3,27.54,0,250,2.73,164.643
238,2018,3,27.54,0,250,2.73,197.726
238,2019,3,27.54,0,250,3,223.366
238,2020,3,27.54,0,250,3,298.777
239,2015,2,11.89,0.05,131,1.14,33.013
239,2016,2,8,0.05,131,0.68,57.944
239,2017,2,8,0.05,131,0.7,16.73
239,2018,2,9,0.05,131,0.7,24.703
239,2019,2,9,0.05,131,0.7,17.687
239,2020,2,9,0.05,131,0.68,61.791
240,2015,3,41.83,0,162,1.82,28.907
240,2016,3,44.83,0,162,1.41,38.9
240,2017,3,44.33,0,197,1.23,25.599
240,2018,3,39.53,0,197,1.23,24.413
240,2019,3,44.33,0,217,1.23,30.372
240,2020,3,42.53,0,217,1.23,36.559
241,2015,3,8.17,0,44,1,63.791
241,2016,3,8.27,0,44,0.45,11.551
241,2017,3,8.17,0,44,0.64,45.295
241,2018,3,8.2,0,44,0.45,18.35
241,2019,3,8.17,0,44,0.42,8.336
241,2020,3,8.17,0,44,0.68,47.257
242,2015,3,30.35,0,732,1,61.462
242,2016,3,39.7,0,732,1,162.849
242,2017,3,44.8,0,732,1,139.611
242,2018,3,42,0,732,1,21.828
242,2019,3,42,0,732,1,72.104
242,2020,3,42,0,732,1,160.216
243,2015,3,21.34,0,140,1,11.084
243,2016,3,21.34,0,140,1,18.048
243,2017,3,21.34,0,88,1,18.262
243,2018,3,25.34,0,88,1,39.361
243,2019,3,21.34,0,103,0.82,5.965
243,2020,3,21.14,0,103,0.82,5.064
244,2015,2,14.76,5.61,142,0.82,125.349
244,2016,2,14.76,5.61,142,0.82,237.722
244,2017,2,14.76,5.61,142,1,138.401
244,2018,2,14.76,5.61,142,0.91,109.704
244,2019,2,14.76,5.61,152,0.91,93.49
244,2020,2,14.76,5.61,152,1,136.778
245,2015,2,120.62,3.51,177,1.55,278.71
245,2016,2,120.62,3.51,177,1.53,250.384
245,2017,2,126.07,3.51,177,1.55,143.623
245,2018,2,126.07,3.51,177,1.45,117.819
245,2019,2,126.07,3.51,177,1.45,185.592
245,2020,2,126.07,3.51,177,1.45,212.119
246,2015,3,162.1,0,905,0.91,12.793
246,2016,3,162.1,0,905,0.91,82.369
246,2017,3,162.1,0,905,0.91,63.315
246,2018,3,170.32,0,905,0.91,98.202
246,2019,3,170.32,0,905,0.91,188.045
246,2020,3,170.32,0,905,0.91,123.372
247,2015,2,26.75,0,376,2,66.294
247,2016,2,26.75,0,376,2,29.382
247,2017,2,26.75,0,376,2.27,35.432
247,2018,2,26.75,0,376,1.09,9.518
247,2019,2,27.25,0,376,1.23,14.486
247,2020,2,27.25,0,442,1.33,22.719
248,2015,1,23.5,4.08,279,1.41,76.837
248,2016,1,23.5,4.08,279,1.68,69.078
248,2017,1,23.5,4.08,279,1.55,61.436
248,2018,1,23.5,4.08,279,1.64,67.937
248,2019,1,23.5,4.08,279,1.64,68.525
248,2020,1,59.9,4.08,279,1.64,117.134
249,2015,2,19.31,0.73,162,0.91,28.228
249,2016,2,22.11,0.73,162,0.91,35.429
249,2017,2,22.11,0.73,162,1.56,59.081
249,2018,2,22.11,0.73,162,1.45,80.193
249,2019,2,22.11,0.73,162,1.45,92.243
249,2020,2,22.11,0.73,162,1.45,97.999
250,2015,2,19.91,0.22,337,0.73,6.498
250,2016,2,19.91,0.22,337,0.73,11.754
250,2017,2,19.91,0.22,337,0.73,27.207
250,2018,2,19.91,0.22,337,1,19.151
250,2019,2,19.91,0.22,337,1,13.585
250,2020,2,19.91,0.22,337,1,19.129
251,2015,3,6.91,0.23,146,1.82,29.48
251,2016,3,6.91,0.23,146,1.85,17.802
251,2017,3,6.91,0.23,538,1.85,20.984
251,2018,3,6.91,0.23,538,1.82,29.971
251,2019,3,6.91,0.23,538,1.82,37.713
251,2020,3,6.91,0.23,538,1.82,20.99
252,2015,2,15.78,0,125,1.67,38.226
252,2016,2,15.78,0,125,2,43.314
252,2017,2,15.78,0,125,1.91,54.59
252,2018,2,15.78,0,125,1.73,54.596
252,2019,2,15.78,0,125,1.45,59.206
252,2020,2,15.78,0,125,1.73,49.529
253,2015,1,8.4,0,59,0.93,38.083
253,2016,1,8.4,0,59,0.55,0.845
253,2017,1,8.4,0,59,0.55,2.322
253,2018,1,8.4,0,59,0.91,5.133
253,2019,1,8.4,0,59,0.73,10.039
253,2020,1,8.4,0,59,1,13.358
254,2015,2,10.14,0,81,0.82,42.511
254,2016,2,10.14,0,135,0.91,44.235
254,2017,2,10.14,0,135,0.91,42.12
254,2018,2,10.14,0,135,0.91,29.415
254,2019,2,6.49,0,135,0.91,57.434
254,2020,2,6.49,0,135,0.55,32.8
255,2015,2,103.88,0,324,2.73,124.109
255,2016,2,103.88,0,324,2.36,114.703
255,2017,2,103.88,0,324,2.82,114.892
255,2018,2,103.88,0,324,3.65,155.788
255,2019,2,103.88,0,324,3.65,129.692
255,2020,2,103.88,0,324,3.65,158.304
256,2015,2,8.91,0.73,66,1.09,18.861
256,2016,2,8.91,0.73,66,1.09,9.902
256,2017,2,8.91,0.73,66,1.09,20.723
256,2018,2,8.91,0.73,66,1.09,16.605
256,2019,2,8.91,0.73,66,1.09,4.133
256,2020,2,8.91,0.73,66,1.09,16.14
257,2015,2,11.88,0,114,1.64,42.625
257,2016,2,11.88,0,114,1.82,172.032
257,2017,2,11.88,0,114,1.82,113.781
257,2018,2,11.88,0,114,1.82,35.995
257,2019,2,11.88,0,114,1.82,48.948
257,2020,2,11.88,0,114,1.82,95.143
258,2015,2,3.87,10.25,99,1.64,5.416
258,2016,2,5.37,10.25,99,1.82,97.381
258,2017,2,5.37,10.25,99,1.82,106.49
258,2018,2,5.37,10.25,99,1.82,120.654
258,2019,2,5.18,10.25,99,1.82,80.231
258,2020,2,5.18,10.25,99,1.91,67.69
259,2015,1,96.96,1.96,72,1.11,31.158
259,2016,1,96.96,1.96,72,1.82,39.211
259,2017,1,96.96,1.96,72,1.45,29.571
259,2018,1,96.96,1.96,72,1.56,56.875
259,2019,1,66.05,1.96,72,1.2,41.897
259,2020,1,66.05,1.96,72,1.56,46.256
260,2015,2,9.51,2.42,80,2.36,131.168
260,2016,2,9.51,2.42,80,2.73,112.108
260,2017,2,9.51,2.42,80,2.73,146.47
260,2018,2,9.51,2.42,80,2.73,181.089
260,2019,2,9.51,2.42,80,2.73,159.534
260,2020,2,9.51,2.42,80,2.73,116.435
261,2015,2,8.21,0,165,1,5.085
261,2016,2,5.21,0,165,1,17.49
261,2017,2,5.21,0,165,1,13.712
261,2018,2,5.21,0,165,1,11.898
261,2019,2,5.21,0,165,1,14.196
261,2020,2,5.21,0,165,1,13.33
262,2015,1,19.5,0,187,1.35,98.071
262,2016,1,18.6,0,187,1.47,76.686
262,2017,1,18.6,0,187,1.49,89.159
262,2018,1,18.6,0,187,1.65,102.28
262,2019,1,22.6,0,187,1.73,108.463
262,2020,1,22.6,0,187,1.55,89.235
263,2015,2,3.3,0,59,1.2,10.151
263,2016,2,3.3,0,59,1.27,4.492
263,2017,2,3.3,0,59,1.27,21.895
263,2018,2,3.3,0,59,1.27,10.609
263,2019,2,3.3,0,59,1.23,12.25
263,2020,2,3.3,0,59,1.09,13.488
264,2015,2,4.03,0,68,2.25,4.119
264,2016,2,4.03,0,68,1.82,13.19
264,2017,2,4.03,0,68,1.91,17.654
264,2018,2,4.03,0,127,1.91,5.656
264,2019,2,4.03,0,127,2.45,3.017
264,2020,2,4.03,0,127,2.73,4.434
265,2015,2,3.42,0,51,1.25,1.692
265,2016,2,3.42,0,51,1.05,10.504
265,2017,2,3.42,0,51,0.79,25.66
265,2018,2,4.72,0,51,1.22,14.75
265,2019,2,4.72,0,51,1.22,21.116
265,2020,2,4.72,0,51,1.09,24.631
266,2015,2,11.7,0,390,1.02,28.136
266,2016,2,13.2,0,390,1.36,34.347
266,2017,2,13.2,0,390,2,90.926
266,2018,2,13.2,0,390,1.76,52.924
266,2019,2,13.2,0,390,1.87,66.676
266,2020,2,13.2,0,390,1.64,46.65
267,2015,2,33.76,0,280,1.18,37.569
267,2016,2,33.76,0,280,1.18,48.276
267,2017,2,33.76,0,280,1.18,30.929
267,2018,2,33.76,0,280,1.45,37.883
267,2019,2,33.76,0,280,1.3,36.059
267,2020,2,33.76,0,280,1.36,30.467
268,2015,2,2.5,0,47,1,9.98
268,2016,2,2.38,0,93,0.91,5.595
268,2017,2,2.38,0,86,1,7.626
268,2018,2,2.38,0,86,0.91,5.216
268,2019,2,2.38,0,86,0.91,6.251
268,2020,2,2.38,0,86,0.91,6.805
269,2015,2,1.93,0,74,0.64,8.536
269,2016,2,1.93,0,74,0.45,8.83
269,2017,2,1.93,0,125,0.59,7.997
269,2018,2,1.93,0,92,1,5.338
269,2019,2,1.93,0,92,1.38,6.482
269,2020,2,1.93,0,92,0.91,7.422
270,2015,2,15.15,0.51,158,1,11.052
270,2016,2,15.15,0.51,158,1,10.837
270,2017,2,15.15,0.51,158,1,12.575
270,2018,2,19.15,0.51,158,0.91,14.2
270,2019,2,19.15,0.51,158,0.91,11.706
270,2020,2,19.15,0.51,158,0.91,13.018
271,2015,2,13.5,0,235,1.15,15.276
271,2016,2,13.5,0,235,1.15,16.447
271,2017,2,13.5,0,235,1.15,12.07
271,2018,2,12.2,0,235,1.33,2.666
271,2019,2,12.2,0,235,1.64,15.521
271,2020,2,13.5,0,235,1.91,13.274
272,2015,2,11.65,0,140,0.91,10.748
272,2016,2,11.65,0,140,0.84,5.299
272,2017,2,11.65,0,140,0.84,13.537
272,2018,2,11.65,0,140,1,11.601
272,2019,2,11.65,0,140,1,8.301
272,2020,2,11.65,0,140,1.14,16.972
273,2015,2,12.87,0,44,0.91,38.091
273,2016,2,10.87,0,107,0.75,258.841
273,2017,2,10.87,0,107,0.91,86.936
273,2018,2,13.37,0,107,0.82,34.093
273,2019,2,13.37,0,107,0.91,108.618
273,2020,2,13.37,0,107,1.45,54.027
274,2015,2,5.88,0.8,145,1,4.687
274,2016,2,5.66,0.8,145,0.82,5.408
274,2017,2,5.66,0.8,145,0.95,10.383
274,2018,2,5.66,0.8,145,0.91,5.791
274,2019,2,5.66,0.8,145,0.57,2.729
274,2020,2,5.66,0.8,145,0.97,8.408
275,2015,2,8.3,0,132,1,17.63
275,2016,2,5.8,0,132,1,17.076
275,2017,2,5.8,0,132,1,19.414
275,2018,2,8.89,0,132,1.73,16.912
275,2019,2,8.89,0,132,1.64,25.917
275,2020,2,8.89,0,132,1.44,18.981
276,2015,2,13.5,0,188,1.64,12.631
276,2016,2,13.5,0,188,2.44,38.247
276,2017,2,13.5,0,188,2.91,9.99
276,2018,2,14.5,0,188,2.45,56.905
276,2019,2,14.5,0,188,1.44,59.958
276,2020,2,14.5,0,188,1.23,41.86
277,2015,2,14.24,0,441,0.91,54.094
277,2016,2,14.24,0,441,0.98,37.876
277,2017,2,14.24,0,441,1,59.389
277,2018,2,14.24,0,441,1,3.208
277,2019,2,14.24,0,441,0.91,33.951
277,2020,2,14.24,0,441,0.91,35.677
278,2015,2,8.1,0,221,0.91,23.249
278,2016,2,8.28,0,309,0.91,21.429
278,2017,2,8.28,0,309,1,15.119
278,2018,2,8.28,0,390,1,28.175
278,2019,2,7.95,0,390,1,21.302
278,2020,2,7.95,0,390,1,22.218
279,2015,2,5.79,0,76,0.45,7.753
279,2016,2,5.79,0,76,0.68,4.618
279,2017,2,5.79,0,76,0.68,11.741
279,2018,2,5.79,0,76,0.64,11.16
279,2019,2,5.79,0,76,0.5,13.972
279,2020,2,5.79,0,76,0.73,8.016
280,2015,2,3.62,0,51,1.27,1.976
280,2016,2,3.62,0,51,1.36,1.326
280,2017,2,3.62,0,51,1.27,3.404
280,2018,2,3.62,0,51,1.27,5.202
280,2019,2,3.62,0,51,1.27,6.397
280,2020,2,3.62,0,51,1.27,6.757
281,2015,2,2.27,0,74,0.91,2.402
281,2016,2,4.14,0,74,1.27,2.227
281,2017,2,4.14,0,74,0.91,2.238
281,2018,2,4.14,0,74,0.91,3.203
281,2019,2,4.14,0,74,1.27,3.688
281,2020,2,4.14,0,74,1.27,3.814
282,2015,2,11.05,0,173,1.27,7.662
282,2016,2,11.05,0,173,1.36,0.721
282,2017,2,11.05,0,173,1.27,10.719
282,2018,2,11.05,0,173,1.27,19.27
282,2019,2,11.05,0,173,1.27,20.636
282,2020,2,12.75,0,173,1.27,35.118
283,2015,2,0.54,0,59,1.85,18.073
283,2016,2,0.54,0,59,2.36,25.225
283,2017,2,0.54,0,59,2.44,30.996
283,2018,2,0.54,0,59,2.73,20.425
283,2019,2,0.54,0,59,2.62,27.692
283,2020,2,0.54,0,59,1.53,3.267
284,2015,2,9.22,0,26,1.27,2.2
284,2016,2,9.22,0,26,0.91,2.776
284,2017,2,9.22,0,26,1.27,3.511
284,2018,2,9.22,0,26,1.35,1.787
284,2019,2,9.22,0,26,1.45,3.728
284,2020,2,9.22,0,26,1.64,4.011
285,2015,2,8.07,0,189,1.18,6.137
285,2016,2,8.07,0,189,1.05,2.151
285,2017,2,8.07,0,189,1.09,5.595
285,2018,2,8.07,0,189,1.45,9.181
285,2019,2,8.07,0,189,2,11.774
285,2020,2,8.07,0,189,1.64,9.955
286,2015,2,2.02,0,60,0.73,4.158
286,2016,2,2.02,0,60,0.58,2.896
286,2017,2,2.02,0,60,0.49,3.325
286,2018,2,2.02,0,60,0.57,4.308
286,2019,2,2.02,0,60,0.76,4.116
286,2020,2,2.02,0,60,0.41,1.569
287,2015,2,3.01,0.32,88,0.65,5.971
287,2016,2,3.01,0.32,88,0.62,5.932
287,2017,2,3.01,0.32,88,0.67,5.671
287,2018,2,5.29,0.32,88,0.58,6.97
287,2019,2,3.01,0.32,88,0.65,9.101
287,2020,2,3.01,0.32,88,0.71,6.251
288,2015,2,7.83,0,186,1.82,7.256
288,2016,2,7.83,0,186,1.82,14.864
288,2017,2,7.83,0,186,1.82,23.681
288,2018,2,7.83,0,186,1.82,30.245
288,2019,2,7.83,0,186,2,28.75
288,2020,2,7.83,0,186,1.65,21.811
289,2015,2,9.63,0,124,1.18,7.206
289,2016,2,9.63,0,124,1.22,9.813
289,2017,2,9.63,0,124,1.36,14.421
289,2018,2,9.63,0,124,1.44,17.475
289,2019,2,9.24,0,124,1.27,7.278
289,2020,2,9.24,0,124,1.27,11.644
290,2015,2,34.94,0,210,1,8.736
290,2016,2,34.94,0,210,1,15.83
290,2017,2,69.27,0,210,1,17.765
290,2018,2,69.27,0,210,0.73,45.542
290,2019,2,69.27,0,210,0.73,36.745
290,2020,2,69.27,0,210,0.73,43.603
291,2015,1,143.5,0,81,1,28.148
291,2016,1,143.5,0,81,1,29.054
291,2017,1,168.65,0,81,1,11.11
291,2018,1,96.15,45,81,1,20.836
291,2019,1,87.9,45,81,1,28.922
291,2020,1,87.9,45,81,1.76,36.812
292,2015,2,13.72,0,99,2.02,66.709
292,2016,2,13.72,0,99,2.2,66.641
292,2017,2,13.72,0,166,2.47,56.837
292,2018,2,13.72,0,166,2.51,45.3
292,2019,2,13.72,0,166,2.53,42.976
292,2020,2,13.72,0,246,2.43,55.216
293,2015,2,8.17,0,114,0.73,10.28
293,2016,2,7.31,0,114,0.73,0.108
293,2017,2,7.31,0,114,0.73,19.656
293,2018,2,7.31,0,176,1.09,11.728
293,2019,2,7.31,0,176,0.91,11.575
293,2020,2,7.31,0,176,0.8,3.655
294,2015,2,12.07,0,164,1.86,10.471
294,2016,2,12.07,0,164,1.7,1.338
294,2017,2,12.07,0,164,1.55,0.708
294,2018,2,12.07,0,164,0.6,3.624
294,2019,2,12.07,0,164,1.09,3.745
294,2020,2,12.07,0,164,1.36,6.989
295,2015,2,4.87,0,107,0.41,4.152
295,2016,2,4.87,0,107,0.41,5.989
295,2017,2,4.87,0,107,0.58,7.177
295,2018,2,4.87,0,107,0.45,10.847
295,2019,2,4.87,0,107,0.45,9.748
295,2020,2,4.87,0,107,0.73,6.721
296,2015,2,5.41,0,61,0.91,11.112
296,2016,2,5.41,0,61,0.91,1.636
296,2017,2,5.41,0,210,0.91,11.959
296,2018,2,5.41,0,210,0.91,12.849
296,2019,2,4.75,0,210,1.27,8.313
296,2020,2,4.75,0,210,1.09,10.577
297,2015,2,19,0,169,2.73,34.05
297,2016,2,19,0,169,1.82,48.634
297,2017,2,19,0,169,1.82,19.751
297,2018,2,19,0,169,1.45,7.567
297,2019,2,18.97,0,169,2.14,24.717
297,2020,2,18.97,0,169,2.2,36.136
298,2015,2,3.59,0,163,0.91,7.542
298,2016,2,3.59,0,163,0.91,7.111
298,2017,2,3.59,0,156,0.91,10.802
298,2018,2,3.4,0,156,0.91,7.263
298,2019,2,3.4,0,156,0.91,0.548
298,2020,2,3.66,0,156,1.13,3.764
299,2015,2,6.24,0,44,2.27,11.02
299,2016,2,6.24,0,44,2.27,18.859
299,2017,2,4.82,0,44,1.82,14.289
299,2018,2,11.56,0,44,2.09,47.382
299,2019,2,11.81,0,44,1.24,23.661
299,2020,2,11.81,0,44,1.24,39.961
300,2015,2,5.41,1.12,107,1.45,8.468
300,2016,2,5.41,1.12,107,1.45,6.867
300,2017,2,5.41,1.12,107,1.36,12.644
300,2018,2,5.41,1.12,107,1.36,15.931
300,2019,2,5.41,1.12,107,0.99,6.237
300,2020,2,5.41,1.12,107,1.22,10.396
301,2015,2,2.07,0,81,1.8,5.918
301,2016,2,2.07,0,81,1.36,5.543
301,2017,2,2.07,0,81,1.36,8.218
301,2018,2,2.07,0,81,1.36,11.56
301,2019,2,2.07,0,132,1.43,52.782
301,2020,2,2.07,0,132,1.87,30.678
302,2015,2,4.08,0,77,0.91,10.273
302,2016,2,3.26,0,77,0.91,7.474
302,2017,2,4.08,0,77,0.91,9.36
302,2018,2,3.26,0,77,0.91,2.169
302,2019,2,3.21,0,77,0.8,1.119
302,2020,2,3.21,0,77,0.91,4.686
303,2015,2,3.36,0.32,99,1.36,7.266
303,2016,2,2.88,0.32,99,1.36,1.387
303,2017,2,2.88,0.32,99,0.91,8.316
303,2018,2,2.88,0.32,99,1.45,5.343
303,2019,2,2.88,0.32,99,0.87,7.694
303,2020,2,2.88,0.32,99,1.09,7.075
304,2015,2,5.5,0,158,0.84,7.884
304,2016,2,5.5,0,158,0.84,11.82
304,2017,2,5.5,0,219,1.36,5.931
304,2018,2,5.5,0,219,1.36,5.547
304,2019,2,5.75,0,219,1.42,5.103
304,2020,2,5.75,0,219,1.2,5.461
305,2015,2,4.03,0,59,1.14,15.931
305,2016,2,4.03,0,59,1.15,11.961
305,2017,2,7.2,0,59,0.91,32.365
305,2018,2,7.2,0,59,1.42,41.082
305,2019,2,7.2,0,59,1.73,29.078
305,2020,2,21.5,0,59,0.55,160.692
306,2015,2,50.69,0,349,1.82,33.139
306,2016,2,50.69,0,423,1.46,130.306
306,2017,2,50.69,0,423,1.82,57.169
306,2018,2,47.25,0,423,1.73,82.227
306,2019,2,47.25,0,423,1.91,131.636
306,2020,2,50.45,0,423,1.91,114.281
307,2015,1,0.1,0,74,1.48,38.598
307,2016,1,0.1,0,74,1.45,58.608
307,2017,1,1.92,0,74,1.48,89.117
307,2018,1,1.92,0,74,1.48,63.984
307,2019,1,1.92,0,74,1.45,66.298
307,2020,1,1.92,0,74,1.45,63.408
308,2015,2,4.55,0,65,1.69,31.944
308,2016,2,4.46,0,65,1.67,17.148
308,2017,2,3.95,0,65,1.82,17.044
308,2018,2,4.33,0,65,1.82,114.352
308,2019,2,5.86,0,65,1.73,27.112
308,2020,2,5.95,0,65,1.73,63.983
309,2015,2,31.41,0,184,0.91,6.293
309,2016,2,31.41,0,184,0.91,11.625
309,2017,2,31.71,0,184,0.91,2.669
309,2018,2,31.71,0,184,0.98,3.717
309,2019,2,31.71,0,184,1,10.823
309,2020,2,23.07,0,184,1,3.11
310,2015,2,11.14,1.34,51,0.87,6.443
310,2016,2,11.69,1.34,51,0.58,5.434
310,2017,2,12.57,1.34,51,0.58,17.369
310,2018,2,12.59,1.34,51,0.58,3.666
310,2019,2,12.59,1.34,51,0.58,4.097
310,2020,2,16.19,1.34,51,0.61,6.625
311,2015,2,11.76,3.44,96,0.8,6.379
311,2016,2,11.76,3.44,96,0.62,1.475
311,2017,2,12.35,3.44,96,0.62,8.401
311,2018,2,12.35,3.44,96,0.64,4.427
311,2019,2,12.35,3.44,96,0.67,5.309
311,2020,2,12.35,3.44,96,0.69,6.816
312,2015,1,0.5,0,29,0.55,62.3
312,2016,1,0.5,0,29,0.55,11.83
312,2017,1,0.5,0,29,0.55,20.394
312,2018,1,0.5,0,29,1.13,34.095
312,2019,1,0.5,0,74,0.55,53.316
312,2020,1,0.5,0,74,0.55,39.32
313,2015,1,25.79,0,190,1.09,19.119
313,2016,1,25.79,0,190,1.09,3.363
313,2017,1,25.79,0,190,0.55,30.405
313,2018,1,25.79,0,190,0.55,36.367
313,2019,1,25.79,0,175,0.55,36.037
313,2020,1,25.79,0,175,0.55,26.052
314,2015,1,3.71,0,60,0.47,1.007
314,2016,1,3.71,0,40,0.96,4.86
314,2017,1,3.71,0,40,0.53,6.248
314,2018,1,3.71,0,40,0.43,8.224
314,2019,1,3.71,0,40,0.68,7.174
314,2020,1,3.71,0,40,0.68,6.341
315,2015,2,5.04,0,59,0.55,4.832
315,2016,2,5.04,0,59,0.44,6.627
315,2017,2,5.04,0,59,0.55,5.393
315,2018,2,5.04,0,59,0.55,4.468
315,2019,2,5.04,0,59,0.41,4.745
315,2020,2,5.04,0,59,0.58,4.071
316,2015,1,4.15,0.01,15,0.44,17.789
316,2016,1,4.15,0.01,15,0.44,12.578
316,2017,1,4.15,0.01,15,0.44,12.64
316,2018,1,4.15,0.01,15,0.44,13.847
316,2019,1,4.15,0.01,15,0.44,13.955
316,2020,1,4.15,0.01,15,0.44,18.981
317,2015,2,11.28,1.96,59,0.44,26.709
317,2016,2,11.28,1.96,59,0.44,28.93
317,2017,2,11.28,1.96,59,0.44,29.785
317,2018,2,11.28,1.96,59,0.44,20.241
317,2019,2,11.28,1.96,59,0.58,18.616
317,2020,2,11.28,1.96,59,0.58,13.468
318,2015,2,1.64,0,19,0.62,5.166
318,2016,2,1.64,0,19,0.62,2.658
318,2017,2,1.64,0,19,0.62,1.928
318,2018,2,1.64,0,19,0.62,7.798
318,2019,2,1.64,0,19,0.67,8.229
318,2020,2,1.64,0,19,0.62,5.429
319,2015,1,2.43,0,15,0.44,4.346
319,2016,1,2.43,0,15,0.44,6.974
319,2017,1,2.43,0,15,0.44,5.363
319,2018,1,2.43,0,15,0.44,7.752
319,2019,1,2.43,0,15,0.44,0.298
319,2020,1,2.43,0,15,0.58,5.791
320,2015,1,31,0,119,1,16.977
320,2016,1,31,0,119,0.73,20.041
320,2017,1,31,0,119,1,17.388
320,2018,1,31,0,119,1,21.884
320,2019,1,31,0,119,0.91,19.629
320,2020,1,31,0,119,0.82,15.578
321,2015,1,18.8,0,48,1,11.934
321,2016,1,18.8,0,48,0.73,17.773
321,2017,1,18.8,0,48,1,10.13
321,2018,1,18.8,0,48,1,13.188
321,2019,1,18.8,0,48,1,12.763
321,2020,1,18.8,0,48,1,15.914
322,2015,1,84.5,0,138,1,36.938
322,2016,1,84.5,0,138,1,32.057
322,2017,1,84.5,0,138,1,29.809
322,2018,1,84.5,0,138,1,36.295
322,2019,1,84.5,0,138,1,37.37
322,2020,1,84.5,0,138,1,31.525
323,2015,2,6.5,0.5,128,1,9.426
323,2016,2,6.5,0.5,128,0.73,4.778
323,2017,2,6.5,0.5,128,1,1.752
323,2018,2,6.5,0.5,128,1,4.978
323,2019,2,6.5,0.5,128,0.73,5.576
323,2020,2,6.5,0.5,128,0.68,7.07
324,2015,2,7.3,0,113,1,14.446
324,2016,2,7.3,0,113,0.73,13.576
324,2017,2,7.3,0,113,0.73,13.112
324,2018,2,7.3,0,113,1,13.216
324,2019,2,7.3,0,113,0.73,13.488
324,2020,2,7.3,0,113,0.82,9.893
325,2015,1,146,0,56,0.99,49.89
325,2016,1,146,0,56,1,71.607
325,2017,1,146,0,56,1,52.715
325,2018,1,146,0,56,1,43.989
325,2019,1,146,0,56,1,72.11
325,2020,1,146,0,56,1,52.513
326,2015,3,35,17,92,0.82,74.204
326,2016,3,35,17,92,1,47.768
326,2017,3,35,17,92,1,60.35
326,2018,3,35,17,92,1,69.82
326,2019,3,35,17,92,1,39.984
326,2020,3,35,17,92,1,37.249
327,2015,2,20.01,0,40,1.39,16.801
327,2016,2,20.01,0,40,1.31,15.536
327,2017,2,20.01,0,40,1.31,17.417
327,2018,2,20.01,0,40,0.73,13.344
327,2019,2,20.01,0,40,0.58,12.081
327,2020,2,20.01,0,40,0.58,13.733
328,2015,1,20,0,75,1,14.286
328,2016,1,20,0,75,0.44,5.575
328,2017,1,20,0,75,0.44,8.455
328,2018,1,20,0,75,0.44,7.425
328,2019,1,20,0,75,0.44,12.198
328,2020,1,20,0,75,0.58,13.513
329,2015,1,34,0,78,0.84,34.091
329,2016,1,34.4,0,78,1,24.474
329,2017,1,34.4,0,78,1,29.393
329,2018,1,34.4,0,78,1,26.698
329,2019,1,34.4,0,78,1,35.347
329,2020,1,34.4,0,78,1,37.82
330,2015,2,73.63,0,95,0.8,15.486
330,2016,2,73.63,0,95,0.8,4.637
330,2017,2,73.63,0,95,0.85,6.877
330,2018,2,73.63,0,95,0.8,10.042
330,2019,2,73.63,0,95,0.91,7.538
330,2020,2,73.63,0,95,0.8,1.376
331,2015,2,9.52,0,122,0.82,2.067
331,2016,2,9.52,0,122,0.73,6.181
331,2017,2,9.52,0,122,0.8,26.055
331,2018,2,8.98,0,122,0.91,30.834
331,2019,2,8.98,0,122,0.56,40.436
331,2020,2,8.98,0,122,0.62,17.338
332,2015,2,14.47,0,114,0.73,60.236
332,2016,2,14.47,0,114,1,77.831
332,2017,2,14.47,0,114,1,67.616
332,2018,2,14.47,0,114,1,15.519
332,2019,2,14.47,0,114,1,16.767
332,2020,2,14.47,0,114,1,26.562
333,2015,2,5.85,0,66,1,16.672
333,2016,2,5.85,0,66,1,19.36
333,2017,2,5.85,0,66,1,26.616
333,2018,2,5.85,0,66,1,10.179
333,2019,2,5.85,0,66,1,3.623
333,2020,2,5.85,0,66,1,77.835
334,2015,3,8.58,0,66,1.36,8.766
334,2016,3,8.58,0,66,1.45,31.874
334,2017,3,8.58,0,66,1.36,42.897
334,2018,3,8.58,0,66,1.36,46.105
334,2019,3,8.58,0,66,1.36,28.526
334,2020,3,8.58,0,66,1.36,197.303
335,2015,3,4.72,0,77,1,26.447
335,2016,3,4.72,0,77,1,7.649
335,2017,3,4.72,0,77,1,9.614
335,2018,3,4.72,0,77,1,4.834
335,2019,3,4.72,0,77,1,0.071
335,2020,3,4.72,0,77,1,71.902
336,2015,2,5,0,66,1,17.118
336,2016,2,5,0,66,1,29.637
336,2017,2,5,0,66,1,25.579
336,2018,2,5,0,66,1,31.01
336,2019,2,5,0,66,1,20.391
336,2020,2,5,0,66,1,15.005
337,2015,1,15.38,0,44,0.58,85.617
337,2016,1,15.38,0,44,1,20.781
337,2017,1,15.38,0,44,1,72.046
337,2018,1,15.38,0,44,1,5.19
337,2019,1,15.38,0,44,1,34.937
337,2020,1,15.38,0,44,1,39.363
338,2015,2,7.34,0,66,0.91,32.199
338,2016,2,7.34,0,66,1,34.487
338,2017,2,7.34,0,66,0.91,44.515
338,2018,2,7.34,0,66,0.91,38.921
338,2019,2,7.34,0,66,0.91,16.557
338,2020,2,7.34,0,66,0.91,188.325
339,2015,1,12.67,0,66,0.94,90.349
339,2016,1,12.67,0,66,1,68.129
339,2017,1,12.67,0,66,1,75.102
339,2018,1,12.67,0,66,1,29.341
339,2019,1,12.67,0,66,1,15.138
339,2020,1,12.67,0,66,1,20.807
340,2015,1,25.84,0,132,1,92.23
340,2016,1,25.84,0,132,1,74.938
340,2017,1,25.84,0,132,1,106.518
340,2018,1,25.84,0,132,1,28.565
340,2019,1,25.84,0,132,1,27.153
340,2020,1,25.84,0,132,1,42.253
341,2015,2,21.56,0,146,1,143.135
341,2016,2,21.56,0,146,1,81.136
341,2017,2,21.56,0,232,1,125.728
341,2018,2,21.56,0,232,1,49.245
341,2019,2,21.56,0,232,1,71.993
341,2020,2,21.56,0,143,1,45.306
342,2015,1,5.75,0,132,1,33.753
342,2016,1,5.75,0,132,1,43.201
342,2017,1,5.75,0,132,0.91,24.561
342,2018,1,5.75,0,132,0.91,30.336
342,2019,1,5.75,0,132,0.91,9.554
342,2020,1,5.75,0,132,1,125.704
343,2015,2,14.64,0,44,1,62.661
343,2016,2,14.64,0,44,1,72.568
343,2017,2,14.64,0,44,1,89.801
343,2018,2,14.64,0,44,1,53.768
343,2019,2,14.64,0,44,1,36.175
343,2020,2,14.64,0,44,1,313.665
344,2015,2,7.51,0,66,1,47.18
344,2016,2,7.51,0,66,1,61.732
344,2017,2,7.51,0,66,1,54.891
344,2018,2,7.51,0,66,1,53.46
344,2019,2,7.51,0,66,1,36.197
344,2020,2,7.51,0,66,1,190.321
345,2015,2,3.71,0,13,1,4.71
345,2016,2,3.71,0,13,1,9.469
345,2017,2,3.71,0,13,1,14.792
345,2018,2,3.71,0,13,1,13.368
345,2019,2,3.71,0,13,1,11.252
345,2020,2,3.71,0,13,1,8.476
346,2015,1,8.65,0,59,1.38,44.314
346,2016,1,8.65,0,59,0.91,30.983
346,2017,1,8.65,0,59,0.91,41.225
346,2018,1,8.65,0,300,0.95,12.082
346,2019,1,8.65,0,44,1.6,40.31
346,2020,1,19.3,0,44,1.44,5.736
347,2015,3,44.42,0,66,1,50.07
347,2016,3,44.42,0,66,1,33.385
347,2017,3,44.42,0,66,1,67.189
347,2018,3,44.42,0,66,1,20.166
347,2019,3,44.42,0,66,1,59.567
347,2020,3,44.42,0,66,1,8.355
348,2015,2,3.53,0,59,0.73,7.948
348,2016,2,3.53,0,59,0.76,11.767
348,2017,2,3.53,0,59,0.65,12.471
348,2018,2,3.53,0,59,0.64,13.488
348,2019,2,3.53,0,59,0.65,11.269
348,2020,2,3.53,0,59,0.62,3.031
349,2015,2,44.34,0,59,0.41,153.189
349,2016,2,44.34,0,59,0.62,89.328
349,2017,2,44.34,0,59,0.6,199.865
349,2018,2,41.24,0,59,0.65,19.017
349,2019,2,21.08,0,59,0.62,50.424
349,2020,2,21.08,0,59,0.64,4.508
350,2015,2,13.12,0,50,1.23,79.966
350,2016,2,13.12,0,50,0.73,91.41
350,2017,2,13.12,0,50,1,79.277
350,2018,2,19.34,0,50,1.93,57.363
350,2019,2,19.34,0,50,1.82,50.274
350,2020,2,19.34,0,50,2,57.394
351,2015,2,7.38,0,81,0.73,24.771
351,2016,2,7.38,0,81,1.1,12.457
351,2017,2,7.38,0,81,1.1,15.209
351,2018,2,7.38,0,81,1.1,12.087
351,2019,2,7.38,0,81,1.27,11.885
351,2020,2,7.38,0,81,1.29,17.604
352,2015,2,25.2,0,99,1.74,31.217
352,2016,2,25.2,0,99,1.74,33.239
352,2017,2,25.2,0,99,1.92,50.406
352,2018,2,32.73,0,99,1.73,99.423
352,2019,2,32.73,0,99,1.83,79.718
352,2020,2,32.73,0,99,1.29,79.895
353,2015,2,6.07,1.29,96,1.37,19.776
353,2016,2,6.07,1.29,96,1.37,20.182
353,2017,2,6.07,1.29,96,1.84,13.631
353,2018,2,6.07,1.29,96,1.48,11.785
353,2019,2,6.07,1.29,96,1.61,23.463
353,2020,2,6.07,1.29,96,1.66,21.014
354,2015,2,3.79,0,44,0.73,3.194
354,2016,2,3.79,0,44,0.73,3.648
354,2017,2,3.79,0,44,0.73,10.058
354,2018,2,3.79,0,44,0.73,11.78
354,2019,2,3.79,0,44,0.73,11.576
354,2020,2,3.79,0,44,0.92,9.591
355,2015,2,13.2,0.75,44,1.74,65.112
355,2016,2,13.2,0.75,44,1.74,63.308
355,2017,2,13.2,0.75,44,1.84,63.289
355,2018,2,16.07,0.75,44,1.84,67.605
355,2019,2,16.07,0.75,44,1.84,81.379
355,2020,2,16.07,0.75,44,1.66,89.478
356,2015,1,5.13,0,51,1,6.33
356,2016,1,5.13,0,51,1,6.846
356,2017,1,5.13,0,51,1.1,12.424
356,2018,1,5.13,0,51,1.1,12.976
356,2019,1,5.13,0,51,1.1,10.141
356,2020,1,5.13,0,51,0.92,9.062
357,2015,2,12.76,0,85,1.19,6.29
357,2016,2,12.76,0,85,0.92,11.336
357,2017,2,12.76,0,85,0.92,9.947
357,2018,2,12.76,0,85,0.92,8.579
357,2019,2,12.76,0,85,0.75,32.349
357,2020,2,13.41,0,85,1.1,11.29
358,2015,1,10.67,0,88,1.37,34.255
358,2016,1,10.67,0,88,1.37,34.878
358,2017,1,10.67,0,88,1.47,36.95
358,2018,1,10.41,0,88,1.47,50.193
358,2019,1,10.75,0,88,1.65,71.885
358,2020,1,10.75,0,88,1.29,58.87
359,2015,2,14.73,0,51,1.74,36.921
359,2016,2,14.73,0,51,1.74,36.793
359,2017,2,14.73,0,51,1.84,43.04
359,2018,2,14.73,0.69,51,2.21,41.949
359,2019,2,14.73,0.69,51,1.6,33.608
359,2020,2,14.73,0.69,51,2.03,29.222
360,2015,2,5.41,0,48,1,20.339
360,2016,2,5.41,0,48,0.91,17.951
360,2017,2,5.41,0,48,0.91,17.965
360,2018,2,5.41,0,48,0.91,14.988
360,2019,2,5.41,0,48,0.91,14.555
360,2020,2,5.41,0,48,0.92,20.536
361,2015,2,4.61,0,44,1,15.907
361,2016,2,4.61,0,44,1,18.625
361,2017,2,4.61,0,44,1,19.645
361,2018,2,4.61,0,44,1.56,16.733
361,2019,2,4.61,0,44,1.47,18.739
361,2020,2,4.61,0,44,1.29,20.826
362,2015,2,5.48,0,51,1,8.138
362,2016,2,5.48,0,51,0.73,6.673
362,2017,2,5.48,0,51,0.91,8.724
362,2018,2,5.48,0,51,0.91,7.564
362,2019,2,5.48,0,51,1.01,2.58
362,2020,2,5.48,0,51,0.56,14.711
363,2015,2,58.48,13.25,103,1.93,89.693
363,2016,2,58.48,13.25,103,1.11,81.377
363,2017,2,55.02,13.25,103,1.48,86.503
363,2018,2,49.74,29.12,103,1.48,96.852
363,2019,2,49.74,16.17,103,1.9,57.939
363,2020,2,49.74,16.17,103,2.03,75.149
364,2015,2,14.21,0.87,88,1.37,15.097
364,2016,2,14.21,0.87,88,1.37,17.204
364,2017,2,14.21,0.87,88,1.37,30.504
364,2018,2,14.21,0.87,88,1.37,23.132
364,2019,2,14.21,0.87,88,1.1,24.948
364,2020,2,14.21,0.87,88,0.92,29.538
365,2015,2,4.13,0.27,58,0.92,8.006
365,2016,2,4.13,0.27,58,0.92,13.412
365,2017,2,4.13,0.27,58,0.92,14.012
365,2018,2,4.13,0.27,58,0.92,9.477
365,2019,2,4.13,0.27,58,1.1,8.736
365,2020,2,4.13,0.27,58,0.92,12.913
366,2015,1,6.27,0.06,88,1.37,6.158
366,2016,1,6.27,0.06,88,0.92,7.891
366,2017,1,6.27,0.06,88,0.92,14.421
366,2018,1,6.27,0.06,88,0.92,11.645
366,2019,1,6.27,0.06,88,0.91,19.196
366,2020,1,6.27,0.06,88,0.92,16.508
367,2015,2,3.38,0,10,1,17.58
367,2016,2,3.38,0,10,1,11.183
367,2017,2,3.38,0,10,1,12.958
367,2018,2,3.38,0,10,1,18.913
367,2019,2,3.38,0,10,1,62.987
367,2020,2,3.38,0,10,0.8,77.994
368,2015,3,13.64,0,66,1,55.028
368,2016,3,13.64,0,66,1,39.372
368,2017,3,13.64,0,66,1,36.058
368,2018,3,13.64,0,66,0.73,52.829
368,2019,3,13.64,0,66,0.73,24.953
368,2020,3,13.64,0,66,0.8,51.143
369,2015,2,9.21,0,44,1,45.148
369,2016,2,9.21,0,44,1,44.25
369,2017,2,9.21,0,44,1,34.813
369,2018,2,9.21,0,44,1,11.894
369,2019,2,9.21,0,44,1,1.432
369,2020,2,9.21,0,44,1,17.387
370,2015,1,4.6,0,44,1,13.551
370,2016,1,4.6,0,44,1,5.521
370,2017,1,4.6,0,44,1,12.556
370,2018,1,4.6,0,44,1,5.737
370,2019,1,4.6,0,44,1,0.484
370,2020,1,4.6,0,44,1,42.069
371,2015,2,46.65,0,197,0.75,11.289
371,2016,2,46.65,0,197,0.9,29.788
371,2017,2,46.65,0,197,0.65,14.453
371,2018,2,46.65,0,197,0.91,17.795
371,2019,2,46.65,0,197,0.93,18.709
371,2020,2,46.65,0,197,0.81,29.258
372,2015,3,27,0,71,0.6,26.987
372,2016,3,27,0,71,0.67,37.278
372,2017,3,27,0,71,0.73,44.297
372,2018,3,27,0,71,0.77,28.868
372,2019,3,27,0,71,0.77,21.869
372,2020,3,27,0,71,0.48,18.824
373,2015,3,40,0,244,2.71,68.721
373,2016,3,40,0,244,2.85,73.659
373,2017,3,40,0,244,3.25,81.766
373,2018,3,40,0,244,3.68,85.277
373,2019,3,40,0,244,3.68,106.251
373,2020,3,40,0,244,3.68,88.358
374,2015,3,12.1,0,55,0.43,12.781
374,2016,3,12.1,0,55,0.33,21.619
374,2017,3,12.1,0,55,0.34,22.209
374,2018,3,12.1,0,55,0.34,5.167
374,2019,3,12.1,0,55,0.32,3.05
374,2020,3,12.1,0,55,0.33,3.109
375,2015,2,8.6,0,66,1,105.327
375,2016,2,8.6,0,66,1,92.105
375,2017,2,8.6,0,66,1,68.448
375,2018,2,8.6,0,66,1,53.717
375,2019,2,13.9,0,66,1,53.951
375,2020,2,13.9,0,66,1,77.472
376,2015,3,27,0,125,1,207.978
376,2016,3,27,0,125,1,233.571
376,2017,3,33,0,125,1,202.277
376,2018,3,33,0,125,1,161.047
376,2019,3,33,0,125,1,145.274
376,2020,3,33,0,125,1,125.491
377,2015,3,8,0,61,1.2,66.432
377,2016,3,8.24,0,61,1.55,38.434
377,2017,3,9.04,0,61,1.53,69.228
377,2018,3,9.04,0,61,1.32,29.812
377,2019,3,9.04,0,61,1.65,15.628
377,2020,3,9.04,0,61,0.7,39.225
378,2015,3,13.27,0,65,1.52,66.681
378,2016,3,13.27,0,65,0.83,40.473
378,2017,3,13.27,0,65,0.75,35.817
378,2018,3,13.27,0,65,0.85,38.779
378,2019,3,13.27,0,65,0.73,11.093
378,2020,3,13.27,0,65,0.64,99.574
379,2015,3,4.2,0,35,0.9,7.936
379,2016,3,4.2,0,35,1.03,8.792
379,2017,3,4.2,0,35,1.04,10.362
379,2018,3,4.2,0,35,0.94,5.886
379,2019,3,4.2,0,35,0.91,9.751
379,2020,3,4.2,0,35,0.77,5.972
380,2015,3,16.26,0,69,2.22,43.139
380,2016,3,16.26,0,69,2.7,42.699
380,2017,3,16.26,0,69,1.96,136.401
380,2018,3,16.26,0,69,1.42,107.075
380,2019,3,16.26,0,69,3,41.06
380,2020,3,16.26,0,69,3,167.441
381,2015,3,9.71,0,74,0.98,29.978
381,2016,3,9.71,0,74,1.38,61.099
381,2017,3,29.22,0,74,1.54,117.353
381,2018,3,29.22,0,74,1.47,248.184
381,2019,3,40,0,74,1.65,405.186
381,2020,3,40,0,274,1.62,494.692
382,2015,3,9.52,0,66,1.11,15.075
382,2016,3,9.52,0,66,1.35,20.251
382,2017,3,9.52,0,66,1.53,23.584
382,2018,3,9.52,0,66,1.05,55.662
382,2019,3,9.52,0,66,0.76,60.083
382,2020,3,9.82,0,66,0.8,75.226
383,2015,3,9.76,0,147,0.73,43.835
383,2016,3,15.06,0,147,1.09,82.29
383,2017,3,15.06,0,147,1.2,92.331
383,2018,3,27.06,0,147,0.95,174.759
383,2019,3,71.48,0,147,1.38,285.773
383,2020,3,71.48,0,347,1.39,53.834
384,2015,3,3,0,55,0.44,51.056
384,2016,3,3,0,55,0.58,24.376
384,2017,3,3,0,55,0.55,40.951
384,2018,3,3,0,55,0.55,40.595
384,2019,3,3,0,55,0.45,39.439
384,2020,3,3,0,55,0.48,18.779
385,2015,2,27.91,0.52,153,2.23,50.576
385,2016,2,27.91,0.52,153,1.53,17.961
385,2017,2,27.91,0.52,153,1.6,28.866
385,2018,2,19.68,0.52,153,1.92,38.27
385,2019,2,16.58,0.52,153,1.61,50.582
385,2020,2,5.6,0.52,153,1.17,37.154
386,2015,2,22.81,0,74,0.91,14.716
386,2016,2,22.81,0,74,0.57,12.15
386,2017,2,22.81,0,74,0.57,13.916
386,2018,2,24.81,0,184,1,17.603
386,2019,2,24.81,0,184,1,11.113
386,2020,2,24.81,0,184,1,14.746
387,2015,2,27.85,0,103,0.57,4.577
387,2016,2,43.66,0,103,0.73,34.088
387,2017,2,43.66,0,103,0.73,26.349
387,2018,2,46.91,0,103,1.16,29.225
387,2019,2,46.91,0,103,1.09,44.006
387,2020,2,90.64,0,103,1.11,34.74
388,2015,2,7.15,0,37,0.89,10.247
388,2016,2,7.15,0,37,0.95,4.733
388,2017,2,6.45,0,37,1,4.278
388,2018,2,6.45,0,37,1.09,7.153
388,2019,2,6.45,0,37,1.09,6.208
388,2020,2,6.45,0,37,1.09,15.577
389,2015,1,29.34,4.31,228,0.95,92.892
389,2016,1,29.34,4.31,228,1,113.734
389,2017,1,29.34,4.31,228,1,93.1
389,2018,1,39.66,4.31,228,1,155.022
389,2019,1,52.61,4.31,228,1,158.65
389,2020,1,52.61,4.31,397,1,150.154
390,2015,1,17.2,5,128,1.95,3.936
390,2016,1,17.2,5,128,2.36,3.405
390,2017,1,17.2,5,128,1.82,3.466
390,2018,1,17.2,5,128,1.36,3.485
390,2019,1,17.2,5,128,1.64,8.876
390,2020,1,17.2,5,128,1.68,8.825
391,2015,1,240.26,0,66,1.73,40.452
391,2016,1,240.26,0,66,1.73,48.672
391,2017,1,240.26,0,66,1.73,46.027
391,2018,1,240.26,0,66,1,23.627
391,2019,1,240.26,0,66,1,37.063
391,2020,1,240.26,0,66,1,25.762
392,2015,1,181.73,0,96,1,122.271
392,2016,1,181.73,0,96,1,65.527
392,2017,1,181.73,0,96,1,69.902
392,2018,1,181.73,0,96,1,49.151
392,2019,1,181.73,0,96,1,56.91
392,2020,1,185.23,0,96,1,58.229
393,2015,2,48.23,0,153,0.68,26.735
393,2016,2,48.68,0,153,0.73,16.644
393,2017,2,33.16,0,153,0.91,4.153
393,2018,2,33.16,0,153,0.8,2.877
393,2019,2,33.16,0,153,0.55,14.519
393,2020,2,35.26,0,153,0.85,8.37
394,2015,2,19.21,0,169,0.83,9.427
394,2016,2,19.21,0,169,0.83,28.136
394,2017,2,19.21,0,169,0.83,46.354
394,2018,2,21.35,0,169,0.83,93.354
394,2019,2,22.94,0,169,0.83,23.289
394,2020,2,22.94,0,169,0.83,75.145
395,2015,2,4.19,0,66,0.55,223.949
395,2016,2,8.57,0,66,0.42,169.379
395,2017,2,4.38,0,66,1,149.471
395,2018,2,4.33,0,66,1,89.642
395,2019,2,4.33,0,66,0.73,84.55
395,2020,2,4.33,0,66,0.91,73.826
396,2015,2,63.46,16.11,246,0.58,23.762
396,2016,2,54.92,16.11,246,0.55,20.27
396,2017,2,62.6,16.11,246,0.55,26.369
396,2018,2,62.6,16.11,246,0.55,25.609
396,2019,2,62.6,16.11,246,0.45,22.489
396,2020,2,67.09,16.11,246,0.59,51.995
397,2015,1,36.69,0,82,1.02,27.095
397,2016,1,36.69,0,82,1.02,22.537
397,2017,1,36.69,0,82,1.02,27.297
397,2018,1,36.69,0,82,1.36,25.708
397,2019,1,36.69,0,82,0.86,17.441
397,2020,1,17.18,0,82,0.86,19.104
398,2015,1,3.51,0,118,0.45,6.942
398,2016,1,3.51,0,118,0.45,3.752
398,2017,1,3.51,0,118,0.41,1.67
398,2018,1,3.51,0,118,0.55,0.401
398,2019,1,3.51,0,118,0.41,8.656
398,2020,1,3.51,0,118,0.41,0.705
399,2015,2,21.03,0,55,0.42,6.987
399,2016,2,21.33,0,55,0.42,7.397
399,2017,2,21.33,0,55,0.57,5.239
399,2018,2,21.33,0,55,0.57,5.469
399,2019,2,20.83,0,55,0.57,2.787
399,2020,2,20.83,0,55,0.57,4.486
400,2015,1,34.11,0,125,1.98,116.164
400,2016,1,34.11,0,125,1.65,37.163
400,2017,1,34.11,0,125,1.65,29.338
400,2018,1,34.11,0,125,1.81,5.957
400,2019,1,34.11,0,125,1.81,14.437
400,2020,1,34.11,0,125,1.81,10.964
401,2015,1,10.45,0,90,4.45,77.466
401,2016,1,10.45,0,90,4.45,67.979
401,2017,1,10.45,0,90,4.45,51.786
401,2018,1,10.45,0,90,4.45,15.378
401,2019,1,10.45,0,190,4.45,29.83
401,2020,1,10.45,0,190,3.64,35.932
402,2015,2,9.93,0,75,0.84,20.065
402,2016,2,9.93,0,75,0.55,4.169
402,2017,2,9.93,0,75,0.41,7.778
402,2018,2,9.93,0,116,0.63,0.207
402,2019,2,5.06,0,41,0.76,3.298
402,2020,2,3.57,0,41,0.76,3.909
403,2015,3,3.2,0,37,0.8,12.617
403,2016,3,3.2,0,37,0.72,7.378
403,2017,3,3.2,0,37,0.82,10.762
403,2018,3,3.2,0,37,0.85,6.842
403,2019,3,3.2,0,37,0.91,11.322
403,2020,3,3.2,0,37,0.93,7.02
404,2015,2,12.54,0,54,0.66,7.138
404,2016,2,12.7,0,54,0.69,4.942
404,2017,2,12.75,0,54,0.49,6.901
404,2018,2,14.74,0,54,0.42,10.764
404,2019,2,14.74,0,54,0.42,12.241
404,2020,2,14.74,0,54,0.8,11.262
405,2015,3,4.89,0,44,0.55,2.434
405,2016,3,4.89,0,44,0.55,3.577
405,2017,3,4.89,0,44,0.44,8.191
405,2018,3,4.89,0,44,0.42,36.385
405,2019,3,4.89,0,44,0.42,13.035
405,2020,3,4.89,0,44,0.42,22.482
406,2015,2,22.44,0,113,0.42,2.855
406,2016,2,19.89,0,113,0.42,4.132
406,2017,2,19.89,0,113,0.42,3.456
406,2018,2,23.92,0,113,0.42,2.97
406,2019,2,23.92,0,113,0.42,11.644
406,2020,2,23.92,0,113,0.45,11.083
407,2015,2,60,0,394,2,419.725
407,2016,2,140,0,394,2,506.669
407,2017,2,140,0,394,2,698.068
407,2018,2,200,0,393,2,141.543
407,2019,2,200,0,394,2,551.382
407,2020,2,200,0,394,2,874.974
408,2015,3,13,0,44,0.91,38.356
408,2016,3,13,0,44,0.84,22.103
408,2017,3,13,0,44,0.91,24.202
408,2018,3,13,0,44,0.73,10.961
408,2019,3,13,0,44,0.73,11.169
408,2020,3,13,0,44,0.73,0.949
409,2015,3,55,0,122,1.02,70.003
409,2016,3,55,0,122,1.27,51.914
409,2017,3,55,0,122,1.09,24.541
409,2018,3,55,0,122,1.27,34.569
409,2019,3,55,0,122,1.27,19.64
409,2020,3,55,0,122,1.18,27.752
410,2015,3,0.54,0,10,0.58,10.086
410,2016,3,0.54,0,10,0.91,10.828
410,2017,3,0.54,0,10,0.91,13.282
410,2018,3,0.54,0,10,0.73,15.428
410,2019,3,0.54,0,10,0.73,14.773
410,2020,3,0.54,0,10,0.73,11.359
411,2015,2,10,0,55,1,36.214
411,2016,2,45,0,55,1,6.937
411,2017,2,45,0,55,1,19.798
411,2018,2,45,0,55,1,6.104
411,2019,2,45,0,55,1,15.115
411,2020,2,45,0,55,1,16.556
412,2015,2,20,0,66,1,18.392
412,2016,2,20,0,66,1,13.481
412,2017,2,20,0,66,1,13.543
412,2018,2,20,0,66,1,10.413
412,2019,2,20,0,66,0.82,8.491
412,2020,2,20,0,66,0.9,32.122
413,2015,2,16.01,22,66,1,2.572
413,2016,2,22.01,22,66,1,8.764
413,2017,2,22.01,22,66,1,10.568
413,2018,2,25.31,22,66,0.8,13.973
413,2019,2,25.31,22,66,0.8,23.279
413,2020,2,25.31,22,66,0.55,11.832
414,2015,3,22,0,160,3,119.818
414,2016,3,22,0,160,3,41.34
414,2017,3,22,0,160,2,77.53
414,2018,3,23.56,0,160,2,85.608
414,2019,3,23.56,0,160,2,101.132
414,2020,3,23.56,0,160,2,77.74
415,2015,1,126.61,42.5,66,1,37.871
415,2016,1,126.61,42.5,66,1,33.768
415,2017,1,126.61,42.5,66,1,37.751
415,2018,1,126.61,42.5,66,1,45.563
415,2019,1,126.61,42.5,66,1.73,49.771
415,2020,1,126.61,42.5,66,1.18,60.77
416,2015,1,46.5,0,59,0.7,3.647
416,2016,1,46.5,0,59,0.7,7.303
416,2017,1,46.5,0,59,0.95,14.876
416,2018,1,46.5,0,59,0.77,1.723
416,2019,1,46.5,0,59,0.77,3.254
416,2020,1,66.5,0,59,0.77,2.643
417,2015,2,32,0,59,1.45,13.505
417,2016,2,32,0,59,1.45,11.416
417,2017,2,32,0,59,1.23,3.432
417,2018,2,39,0,59,1.23,23.275
417,2019,2,39,0,59,1.3,25.566
417,2020,2,54,0,125,1.41,18.84
418,2015,2,160.69,0,59,2.73,71.167
418,2016,2,160.69,0,59,2,74.39
418,2017,2,160.69,0,217,2.45,136.863
418,2018,2,160.69,0,217,2.32,88.689
418,2019,2,178.73,0,217,2.18,70.006
418,2020,2,178.73,0,217,1.91,59.299
419,2015,2,34.06,0,156,2.91,43.806
419,2016,2,34.06,0,156,2.91,17.854
419,2017,2,35.86,0,244,2.64,0.536
419,2018,2,35.86,0,244,1.82,25.571
419,2019,2,35.86,0,244,1.91,34.571
419,2020,2,35.86,0,244,1.91,36.548
420,2015,2,30.5,0,66,1,9.38
420,2016,2,30.5,0,66,1,11.121
420,2017,2,30.5,0,66,0.86,8.213
420,2018,2,30.5,0,66,1,17.336
420,2019,2,30.5,0,66,1,16.361
420,2020,2,30.5,0,66,1,16.958
